2026-09-07 09:49:29.500 [background-preinit] INFO  org.hibernate.validator.internal.util.Version - HV000001: Hibernate Validator 9.0.1.Final
2026-09-07 09:49:29.534 [restartedMain] INFO  com.chronos.ChronosApplication - Starting ChronosApplication using Java 25.0.3 with PID 9957 (/Users/gaomingchao/git/Chronos/Chronos/hospital-app/target/classes started by gaomingchao in /Users/gaomingchao/git/Chronos/Chronos/hospital-app)
2026-09-07 09:49:29.535 [restartedMain] INFO  com.chronos.ChronosApplication - No active profile set, falling back to 1 default profile: "default"
2026-09-07 09:49:29.568 [restartedMain] INFO  o.s.b.d.env.DevToolsPropertyDefaultsPostProcessor - Devtools property defaults active! Set 'spring.devtools.add-properties' to 'false' to disable
2026-09-07 09:49:29.568 [restartedMain] INFO  o.s.b.d.env.DevToolsPropertyDefaultsPostProcessor - For additional web related logging consider setting the 'logging.level.web' property to 'DEBUG'
2026-09-07 09:49:30.080 [restartedMain] INFO  o.s.d.r.config.RepositoryConfigurationDelegate - Multiple Spring Data modules found, entering strict repository configuration mode
2026-09-07 09:49:30.081 [restartedMain] INFO  o.s.d.r.config.RepositoryConfigurationDelegate - Bootstrapping Spring Data JPA repositories in DEFAULT mode.
2026-09-07 09:49:30.195 [restartedMain] INFO  o.s.d.r.config.RepositoryConfigurationDelegate - Finished Spring Data repository scanning in 109 ms. Found 48 JPA repository interfaces.
2026-09-07 09:49:30.383 [restartedMain] INFO  o.s.d.r.config.RepositoryConfigurationDelegate - Multiple Spring Data modules found, entering strict repository configuration mode
2026-09-07 09:49:30.383 [restartedMain] INFO  o.s.d.r.config.RepositoryConfigurationDelegate - Bootstrapping Spring Data Redis repositories in DEFAULT mode.
2026-09-07 09:49:30.404 [restartedMain] INFO  o.s.d.r.c.RepositoryConfigurationExtensionSupport - Spring Data Redis - Could not safely identify store assignment for repository candidate interface com.chronos.Idao.IAuditLogRepository; If you want this repository to be a Redis repository, consider annotating your entities with one of these annotations: org.springframework.data.redis.core.RedisHash (preferred), or consider extending one of the following types with your repository: org.springframework.data.keyvalue.repository.KeyValueRepository
2026-09-07 09:49:30.404 [restartedMain] INFO  o.s.d.r.c.RepositoryConfigurationExtensionSupport - Spring Data Redis - Could not safely identify store assignment for repository candidate interface com.chronos.Idao.IAdminUserRepository; If you want this repository to be a Redis repository, consider annotating your entities with one of these annotations: org.springframework.data.redis.core.RedisHash (preferred), or consider extending one of the following types with your repository: org.springframework.data.keyvalue.repository.KeyValueRepository
2026-09-07 09:49:30.404 [restartedMain] INFO  o.s.d.r.c.RepositoryConfigurationExtensionSupport - Spring Data Redis - Could not safely identify store assignment for repository candidate interface com.chronos.Idao.IConsumerUserRepository; If you want this repository to be a Redis repository, consider annotating your entities with one of these annotations: org.springframework.data.redis.core.RedisHash (preferred), or consider extending one of the following types with your repository: org.springframework.data.keyvalue.repository.KeyValueRepository
2026-09-07 09:49:30.404 [restartedMain] INFO  o.s.d.r.c.RepositoryConfigurationExtensionSupport - Spring Data Redis - Could not safely identify store assignment for repository candidate interface com.chronos.Idao.IDictRepository; If you want this repository to be a Redis repository, consider annotating your entities with one of these annotations: org.springframework.data.redis.core.RedisHash (preferred), or consider extending one of the following types with your repository: org.springframework.data.keyvalue.repository.KeyValueRepository
2026-09-07 09:49:30.404 [restartedMain] INFO  o.s.d.r.c.RepositoryConfigurationExtensionSupport - Spring Data Redis - Could not safely identify store assignment for repository candidate interface com.chronos.Idao.IEmployeeAssignmentRepository; If you want this repository to be a Redis repository, consider annotating your entities with one of these annotations: org.springframework.data.redis.core.RedisHash (preferred), or consider extending one of the following types with your repository: org.springframework.data.keyvalue.repository.KeyValueRepository
2026-09-07 09:49:30.404 [restartedMain] INFO  o.s.d.r.c.RepositoryConfigurationExtensionSupport - Spring Data Redis - Could not safely identify store assignment for repository candidate interface com.chronos.Idao.IEmployeeRepository; If you want this repository to be a Redis repository, consider annotating your entities with one of these annotations: org.springframework.data.redis.core.RedisHash (preferred), or consider extending one of the following types with your repository: org.springframework.data.keyvalue.repository.KeyValueRepository
2026-09-07 09:49:30.404 [restartedMain] INFO  o.s.d.r.c.RepositoryConfigurationExtensionSupport - Spring Data Redis - Could not safely identify store assignment for repository candidate interface com.chronos.Idao.IJobLevelRepository; If you want this repository to be a Redis repository, consider annotating your entities with one of these annotations: org.springframework.data.redis.core.RedisHash (preferred), or consider extending one of the following types with your repository: org.springframework.data.keyvalue.repository.KeyValueRepository
2026-09-07 09:49:30.404 [restartedMain] INFO  o.s.d.r.c.RepositoryConfigurationExtensionSupport - Spring Data Redis - Could not safely identify store assignment for repository candidate interface com.chronos.Idao.IJobTitleRepository; If you want this repository to be a Redis repository, consider annotating your entities with one of these annotations: org.springframework.data.redis.core.RedisHash (preferred), or consider extending one of the following types with your repository: org.springframework.data.keyvalue.repository.KeyValueRepository
2026-09-07 09:49:30.404 [restartedMain] INFO  o.s.d.r.c.RepositoryConfigurationExtensionSupport - Spring Data Redis - Could not safely identify store assignment for repository candidate interface com.chronos.Idao.IMenuRepository; If you want this repository to be a Redis repository, consider annotating your entities with one of these annotations: org.springframework.data.redis.core.RedisHash (preferred), or consider extending one of the following types with your repository: org.springframework.data.keyvalue.repository.KeyValueRepository
2026-09-07 09:49:30.404 [restartedMain] INFO  o.s.d.r.c.RepositoryConfigurationExtensionSupport - Spring Data Redis - Could not safely identify store assignment for repository candidate interface com.chronos.Idao.IOrganizationRepository; If you want this repository to be a Redis repository, consider annotating your entities with one of these annotations: org.springframework.data.redis.core.RedisHash (preferred), or consider extending one of the following types with your repository: org.springframework.data.keyvalue.repository.KeyValueRepository
2026-09-07 09:49:30.404 [restartedMain] INFO  o.s.d.r.c.RepositoryConfigurationExtensionSupport - Spring Data Redis - Could not safely identify store assignment for repository candidate interface com.chronos.Idao.IOrganizationUnitRepository; If you want this repository to be a Redis repository, consider annotating your entities with one of these annotations: org.springframework.data.redis.core.RedisHash (preferred), or consider extending one of the following types with your repository: org.springframework.data.keyvalue.repository.KeyValueRepository
2026-09-07 09:49:30.405 [restartedMain] INFO  o.s.d.r.c.RepositoryConfigurationExtensionSupport - Spring Data Redis - Could not safely identify store assignment for repository candidate interface com.chronos.Idao.IPermissionRepository; If you want this repository to be a Redis repository, consider annotating your entities with one of these annotations: org.springframework.data.redis.core.RedisHash (preferred), or consider extending one of the following types with your repository: org.springframework.data.keyvalue.repository.KeyValueRepository
2026-09-07 09:49:30.405 [restartedMain] INFO  o.s.d.r.c.RepositoryConfigurationExtensionSupport - Spring Data Redis - Could not safely identify store assignment for repository candidate interface com.chronos.Idao.IPortalApplicationRepository; If you want this repository to be a Redis repository, consider annotating your entities with one of these annotations: org.springframework.data.redis.core.RedisHash (preferred), or consider extending one of the following types with your repository: org.springframework.data.keyvalue.repository.KeyValueRepository
2026-09-07 09:49:30.405 [restartedMain] INFO  o.s.d.r.c.RepositoryConfigurationExtensionSupport - Spring Data Redis - Could not safely identify store assignment for repository candidate interface com.chronos.Idao.IPortalWidgetRepository; If you want this repository to be a Redis repository, consider annotating your entities with one of these annotations: org.springframework.data.redis.core.RedisHash (preferred), or consider extending one of the following types with your repository: org.springframework.data.keyvalue.repository.KeyValueRepository
2026-09-07 09:49:30.405 [restartedMain] INFO  o.s.d.r.c.RepositoryConfigurationExtensionSupport - Spring Data Redis - Could not safely identify store assignment for repository candidate interface com.chronos.Idao.IPositionRepository; If you want this repository to be a Redis repository, consider annotating your entities with one of these annotations: org.springframework.data.redis.core.RedisHash (preferred), or consider extending one of the following types with your repository: org.springframework.data.keyvalue.repository.KeyValueRepository
2026-09-07 09:49:30.405 [restartedMain] INFO  o.s.d.r.c.RepositoryConfigurationExtensionSupport - Spring Data Redis - Could not safely identify store assignment for repository candidate interface com.chronos.Idao.IRefreshTokenRepository; If you want this repository to be a Redis repository, consider annotating your entities with one of these annotations: org.springframework.data.redis.core.RedisHash (preferred), or consider extending one of the following types with your repository: org.springframework.data.keyvalue.repository.KeyValueRepository
2026-09-07 09:49:30.405 [restartedMain] INFO  o.s.d.r.c.RepositoryConfigurationExtensionSupport - Spring Data Redis - Could not safely identify store assignment for repository candidate interface com.chronos.Idao.IRoleDataScopeRepository; If you want this repository to be a Redis repository, consider annotating your entities with one of these annotations: org.springframework.data.redis.core.RedisHash (preferred), or consider extending one of the following types with your repository: org.springframework.data.keyvalue.repository.KeyValueRepository
2026-09-07 09:49:30.405 [restartedMain] INFO  o.s.d.r.c.RepositoryConfigurationExtensionSupport - Spring Data Redis - Could not safely identify store assignment for repository candidate interface com.chronos.Idao.IRoleMenuPermissionRepository; If you want this repository to be a Redis repository, consider annotating your entities with one of these annotations: org.springframework.data.redis.core.RedisHash (preferred), or consider extending one of the following types with your repository: org.springframework.data.keyvalue.repository.KeyValueRepository
2026-09-07 09:49:30.406 [restartedMain] INFO  o.s.d.r.c.RepositoryConfigurationExtensionSupport - Spring Data Redis - Could not safely identify store assignment for repository candidate interface com.chronos.Idao.IRolePermissionRepository; If you want this repository to be a Redis repository, consider annotating your entities with one of these annotations: org.springframework.data.redis.core.RedisHash (preferred), or consider extending one of the following types with your repository: org.springframework.data.keyvalue.repository.KeyValueRepository
2026-09-07 09:49:30.406 [restartedMain] INFO  o.s.d.r.c.RepositoryConfigurationExtensionSupport - Spring Data Redis - Could not safely identify store assignment for repository candidate interface com.chronos.Idao.IRoleRepository; If you want this repository to be a Redis repository, consider annotating your entities with one of these annotations: org.springframework.data.redis.core.RedisHash (preferred), or consider extending one of the following types with your repository: org.springframework.data.keyvalue.repository.KeyValueRepository
2026-09-07 09:49:30.406 [restartedMain] INFO  o.s.d.r.c.RepositoryConfigurationExtensionSupport - Spring Data Redis - Could not safely identify store assignment for repository candidate interface com.chronos.Idao.IUserPortalApplicationRepository; If you want this repository to be a Redis repository, consider annotating your entities with one of these annotations: org.springframework.data.redis.core.RedisHash (preferred), or consider extending one of the following types with your repository: org.springframework.data.keyvalue.repository.KeyValueRepository
2026-09-07 09:49:30.406 [restartedMain] INFO  o.s.d.r.c.RepositoryConfigurationExtensionSupport - Spring Data Redis - Could not safely identify store assignment for repository candidate interface com.chronos.Idao.IUserPortalPreferenceRepository; If you want this repository to be a Redis repository, consider annotating your entities with one of these annotations: org.springframework.data.redis.core.RedisHash (preferred), or consider extending one of the following types with your repository: org.springframework.data.keyvalue.repository.KeyValueRepository
2026-09-07 09:49:30.406 [restartedMain] INFO  o.s.d.r.c.RepositoryConfigurationExtensionSupport - Spring Data Redis - Could not safely identify store assignment for repository candidate interface com.chronos.Idao.form.IFormDefinitionRepository; If you want this repository to be a Redis repository, consider annotating your entities with one of these annotations: org.springframework.data.redis.core.RedisHash (preferred), or consider extending one of the following types with your repository: org.springframework.data.keyvalue.repository.KeyValueRepository
2026-09-07 09:49:30.406 [restartedMain] INFO  o.s.d.r.c.RepositoryConfigurationExtensionSupport - Spring Data Redis - Could not safely identify store assignment for repository candidate interface com.chronos.Idao.form.IFormFieldRepository; If you want this repository to be a Redis repository, consider annotating your entities with one of these annotations: org.springframework.data.redis.core.RedisHash (preferred), or consider extending one of the following types with your repository: org.springframework.data.keyvalue.repository.KeyValueRepository
2026-09-07 09:49:30.406 [restartedMain] INFO  o.s.d.r.c.RepositoryConfigurationExtensionSupport - Spring Data Redis - Could not safely identify store assignment for repository candidate interface com.chronos.Idao.form.IFormInstanceRepository; If you want this repository to be a Redis repository, consider annotating your entities with one of these annotations: org.springframework.data.redis.core.RedisHash (preferred), or consider extending one of the following types with your repository: org.springframework.data.keyvalue.repository.KeyValueRepository
2026-09-07 09:49:30.406 [restartedMain] INFO  o.s.d.r.c.RepositoryConfigurationExtensionSupport - Spring Data Redis - Could not safely identify store assignment for repository candidate interface com.chronos.Idao.workflow.IWorkflowAiSettingRepository; If you want this repository to be a Redis repository, consider annotating your entities with one of these annotations: org.springframework.data.redis.core.RedisHash (preferred), or consider extending one of the following types with your repository: org.springframework.data.keyvalue.repository.KeyValueRepository
2026-09-07 09:49:30.407 [restartedMain] INFO  o.s.d.r.c.RepositoryConfigurationExtensionSupport - Spring Data Redis - Could not safely identify store assignment for repository candidate interface com.chronos.Idao.workflow.IWorkflowDefinitionAclRepository; If you want this repository to be a Redis repository, consider annotating your entities with one of these annotations: org.springframework.data.redis.core.RedisHash (preferred), or consider extending one of the following types with your repository: org.springframework.data.keyvalue.repository.KeyValueRepository
2026-09-07 09:49:30.407 [restartedMain] INFO  o.s.d.r.c.RepositoryConfigurationExtensionSupport - Spring Data Redis - Could not safely identify store assignment for repository candidate interface com.chronos.Idao.workflow.IWorkflowDefinitionRepository; If you want this repository to be a Redis repository, consider annotating your entities with one of these annotations: org.springframework.data.redis.core.RedisHash (preferred), or consider extending one of the following types with your repository: org.springframework.data.keyvalue.repository.KeyValueRepository
2026-09-07 09:49:30.407 [restartedMain] INFO  o.s.d.r.c.RepositoryConfigurationExtensionSupport - Spring Data Redis - Could not safely identify store assignment for repository candidate interface com.chronos.Idao.workflow.IWorkflowDelegationRepository; If you want this repository to be a Redis repository, consider annotating your entities with one of these annotations: org.springframework.data.redis.core.RedisHash (preferred), or consider extending one of the following types with your repository: org.springframework.data.keyvalue.repository.KeyValueRepository
2026-09-07 09:49:30.407 [restartedMain] INFO  o.s.d.r.c.RepositoryConfigurationExtensionSupport - Spring Data Redis - Could not safely identify store assignment for repository candidate interface com.chronos.Idao.workflow.IWorkflowEdgeRepository; If you want this repository to be a Redis repository, consider annotating your entities with one of these annotations: org.springframework.data.redis.core.RedisHash (preferred), or consider extending one of the following types with your repository: org.springframework.data.keyvalue.repository.KeyValueRepository
2026-09-07 09:49:30.407 [restartedMain] INFO  o.s.d.r.c.RepositoryConfigurationExtensionSupport - Spring Data Redis - Could not safely identify store assignment for repository candidate interface com.chronos.Idao.workflow.IWorkflowExecutionLogRepository; If you want this repository to be a Redis repository, consider annotating your entities with one of these annotations: org.springframework.data.redis.core.RedisHash (preferred), or consider extending one of the following types with your repository: org.springframework.data.keyvalue.repository.KeyValueRepository
2026-09-07 09:49:30.407 [restartedMain] INFO  o.s.d.r.c.RepositoryConfigurationExtensionSupport - Spring Data Redis - Could not safely identify store assignment for repository candidate interface com.chronos.Idao.workflow.IWorkflowIdempotencyRepository; If you want this repository to be a Redis repository, consider annotating your entities with one of these annotations: org.springframework.data.redis.core.RedisHash (preferred), or consider extending one of the following types with your repository: org.springframework.data.keyvalue.repository.KeyValueRepository
2026-09-07 09:49:30.407 [restartedMain] INFO  o.s.d.r.c.RepositoryConfigurationExtensionSupport - Spring Data Redis - Could not safely identify store assignment for repository candidate interface com.chronos.Idao.workflow.IWorkflowIncidentRepository; If you want this repository to be a Redis repository, consider annotating your entities with one of these annotations: org.springframework.data.redis.core.RedisHash (preferred), or consider extending one of the following types with your repository: org.springframework.data.keyvalue.repository.KeyValueRepository
2026-09-07 09:49:30.407 [restartedMain] INFO  o.s.d.r.c.RepositoryConfigurationExtensionSupport - Spring Data Redis - Could not safely identify store assignment for repository candidate interface com.chronos.Idao.workflow.IWorkflowInstanceParticipantRepository; If you want this repository to be a Redis repository, consider annotating your entities with one of these annotations: org.springframework.data.redis.core.RedisHash (preferred), or consider extending one of the following types with your repository: org.springframework.data.keyvalue.repository.KeyValueRepository
2026-09-07 09:49:30.407 [restartedMain] INFO  o.s.d.r.c.RepositoryConfigurationExtensionSupport - Spring Data Redis - Could not safely identify store assignment for repository candidate interface com.chronos.Idao.workflow.IWorkflowInstanceRepository; If you want this repository to be a Redis repository, consider annotating your entities with one of these annotations: org.springframework.data.redis.core.RedisHash (preferred), or consider extending one of the following types with your repository: org.springframework.data.keyvalue.repository.KeyValueRepository
2026-09-07 09:49:30.407 [restartedMain] INFO  o.s.d.r.c.RepositoryConfigurationExtensionSupport - Spring Data Redis - Could not safely identify store assignment for repository candidate interface com.chronos.Idao.workflow.IWorkflowNodeRepository; If you want this repository to be a Redis repository, consider annotating your entities with one of these annotations: org.springframework.data.redis.core.RedisHash (preferred), or consider extending one of the following types with your repository: org.springframework.data.keyvalue.repository.KeyValueRepository
2026-09-07 09:49:30.407 [restartedMain] INFO  o.s.d.r.c.RepositoryConfigurationExtensionSupport - Spring Data Redis - Could not safely identify store assignment for repository candidate interface com.chronos.Idao.workflow.IWorkflowNotificationRepository; If you want this repository to be a Redis repository, consider annotating your entities with one of these annotations: org.springframework.data.redis.core.RedisHash (preferred), or consider extending one of the following types with your repository: org.springframework.data.keyvalue.repository.KeyValueRepository
2026-09-07 09:49:30.407 [restartedMain] INFO  o.s.d.r.c.RepositoryConfigurationExtensionSupport - Spring Data Redis - Could not safely identify store assignment for repository candidate interface com.chronos.Idao.workflow.IWorkflowOutboxRepository; If you want this repository to be a Redis repository, consider annotating your entities with one of these annotations: org.springframework.data.redis.core.RedisHash (preferred), or consider extending one of the following types with your repository: org.springframework.data.keyvalue.repository.KeyValueRepository
2026-09-07 09:49:30.407 [restartedMain] INFO  o.s.d.r.c.RepositoryConfigurationExtensionSupport - Spring Data Redis - Could not safely identify store assignment for repository candidate interface com.chronos.Idao.workflow.IWorkflowReviewRepository; If you want this repository to be a Redis repository, consider annotating your entities with one of these annotations: org.springframework.data.redis.core.RedisHash (preferred), or consider extending one of the following types with your repository: org.springframework.data.keyvalue.repository.KeyValueRepository
2026-09-07 09:49:30.407 [restartedMain] INFO  o.s.d.r.c.RepositoryConfigurationExtensionSupport - Spring Data Redis - Could not safely identify store assignment for repository candidate interface com.chronos.Idao.workflow.IWorkflowTaskCandidateRepository; If you want this repository to be a Redis repository, consider annotating your entities with one of these annotations: org.springframework.data.redis.core.RedisHash (preferred), or consider extending one of the following types with your repository: org.springframework.data.keyvalue.repository.KeyValueRepository
2026-09-07 09:49:30.407 [restartedMain] INFO  o.s.d.r.c.RepositoryConfigurationExtensionSupport - Spring Data Redis - Could not safely identify store assignment for repository candidate interface com.chronos.Idao.workflow.IWorkflowTaskRepository; If you want this repository to be a Redis repository, consider annotating your entities with one of these annotations: org.springframework.data.redis.core.RedisHash (preferred), or consider extending one of the following types with your repository: org.springframework.data.keyvalue.repository.KeyValueRepository
2026-09-07 09:49:30.408 [restartedMain] INFO  o.s.d.r.c.RepositoryConfigurationExtensionSupport - Spring Data Redis - Could not safely identify store assignment for repository candidate interface com.chronos.message.Idao.IPublicationAttachmentRepository; If you want this repository to be a Redis repository, consider annotating your entities with one of these annotations: org.springframework.data.redis.core.RedisHash (preferred), or consider extending one of the following types with your repository: org.springframework.data.keyvalue.repository.KeyValueRepository
2026-09-07 09:49:30.408 [restartedMain] INFO  o.s.d.r.c.RepositoryConfigurationExtensionSupport - Spring Data Redis - Could not safely identify store assignment for repository candidate interface com.chronos.message.Idao.IPublicationAudienceRepository; If you want this repository to be a Redis repository, consider annotating your entities with one of these annotations: org.springframework.data.redis.core.RedisHash (preferred), or consider extending one of the following types with your repository: org.springframework.data.keyvalue.repository.KeyValueRepository
2026-09-07 09:49:30.408 [restartedMain] INFO  o.s.d.r.c.RepositoryConfigurationExtensionSupport - Spring Data Redis - Could not safely identify store assignment for repository candidate interface com.chronos.message.Idao.IPublicationDeliveryRepository; If you want this repository to be a Redis repository, consider annotating your entities with one of these annotations: org.springframework.data.redis.core.RedisHash (preferred), or consider extending one of the following types with your repository: org.springframework.data.keyvalue.repository.KeyValueRepository
2026-09-07 09:49:30.408 [restartedMain] INFO  o.s.d.r.c.RepositoryConfigurationExtensionSupport - Spring Data Redis - Could not safely identify store assignment for repository candidate interface com.chronos.message.Idao.IPublicationReadRepository; If you want this repository to be a Redis repository, consider annotating your entities with one of these annotations: org.springframework.data.redis.core.RedisHash (preferred), or consider extending one of the following types with your repository: org.springframework.data.keyvalue.repository.KeyValueRepository
2026-09-07 09:49:30.408 [restartedMain] INFO  o.s.d.r.c.RepositoryConfigurationExtensionSupport - Spring Data Redis - Could not safely identify store assignment for repository candidate interface com.chronos.message.Idao.IPublicationRecipientRepository; If you want this repository to be a Redis repository, consider annotating your entities with one of these annotations: org.springframework.data.redis.core.RedisHash (preferred), or consider extending one of the following types with your repository: org.springframework.data.keyvalue.repository.KeyValueRepository
2026-09-07 09:49:30.408 [restartedMain] INFO  o.s.d.r.c.RepositoryConfigurationExtensionSupport - Spring Data Redis - Could not safely identify store assignment for repository candidate interface com.chronos.message.Idao.IPublicationRepository; If you want this repository to be a Redis repository, consider annotating your entities with one of these annotations: org.springframework.data.redis.core.RedisHash (preferred), or consider extending one of the following types with your repository: org.springframework.data.keyvalue.repository.KeyValueRepository
2026-09-07 09:49:30.408 [restartedMain] INFO  o.s.d.r.c.RepositoryConfigurationExtensionSupport - Spring Data Redis - Could not safely identify store assignment for repository candidate interface com.chronos.message.Idao.IPublicationVersionRepository; If you want this repository to be a Redis repository, consider annotating your entities with one of these annotations: org.springframework.data.redis.core.RedisHash (preferred), or consider extending one of the following types with your repository: org.springframework.data.keyvalue.repository.KeyValueRepository
2026-09-07 09:49:30.408 [restartedMain] INFO  o.s.d.r.config.RepositoryConfigurationDelegate - Finished Spring Data repository scanning in 18 ms. Found 0 Redis repository interfaces.
2026-09-07 09:49:31.061 [restartedMain] INFO  org.springframework.boot.tomcat.TomcatWebServer - Tomcat initialized with port 8080 (http)
2026-09-07 09:49:31.070 [restartedMain] INFO  org.apache.coyote.http11.Http11NioProtocol - Initializing ProtocolHandler ["http-nio-8080"]
2026-09-07 09:49:31.071 [restartedMain] INFO  org.apache.catalina.core.StandardService - Starting service [Tomcat]
2026-09-07 09:49:31.071 [restartedMain] INFO  org.apache.catalina.core.StandardEngine - Starting Servlet engine: [Apache Tomcat/11.0.22]
2026-09-07 09:49:31.094 [restartedMain] INFO  o.s.b.w.c.servlet.WebApplicationContextInitializer - Root WebApplicationContext: initialization completed in 1526 ms
2026-09-07 09:49:31.229 [restartedMain] INFO  org.hibernate.orm.jpa - HHH008540: Processing PersistenceUnitInfo [name: default]
2026-09-07 09:49:31.260 [restartedMain] INFO  org.hibernate.orm.core - HHH000001: Hibernate ORM core version 7.2.19.Final
2026-09-07 09:49:31.514 [restartedMain] INFO  o.s.o.j.persistenceunit.SpringPersistenceUnitInfo - No LoadTimeWeaver setup: ignoring JPA class transformer
2026-09-07 09:49:31.543 [restartedMain] INFO  com.alibaba.druid.pool.DruidDataSource - {dataSource-1} inited
2026-09-07 09:49:31.672 [restartedMain] WARN  org.hibernate.orm.deprecation - HHH90000025: PostgreSQLDialect does not need to be specified explicitly using 'hibernate.dialect' (remove the property setting and it will be selected by default)
2026-09-07 09:49:31.684 [restartedMain] INFO  org.hibernate.orm.connections.pooling - HHH10001005: Database info:
	Database JDBC URL [jdbc:postgresql://localhost:5432/Chronos]
	Database driver: PostgreSQL JDBC Driver
	Database dialect: PostgreSQLDialect
	Database version: 17.10
	Default catalog/schema: Chronos/public
	Autocommit mode: undefined/unknown
	Isolation level: READ_COMMITTED [default READ_COMMITTED]
	JDBC fetch size: none
	Pool: DataSourceConnectionProvider
	Minimum pool size: undefined/unknown
	Maximum pool size: undefined/unknown
2026-09-07 09:49:32.768 [restartedMain] INFO  org.hibernate.orm.core - HHH000489: No JTA platform available (set 'hibernate.transaction.jta.platform' to enable JTA platform integration)
2026-09-07 09:49:32.867 [restartedMain] INFO  o.s.orm.jpa.LocalContainerEntityManagerFactoryBean - Initialized JPA EntityManagerFactory for persistence unit 'default'
2026-09-07 09:49:32.908 [restartedMain] INFO  o.s.d.jpa.repository.query.QueryEnhancerFactories - Hibernate is in classpath; If applicable, HQL parser will be used.
2026-09-07 09:49:33.645 [restartedMain] INFO  o.f.s.b.e.EventRegistryAutoConfiguration - No deployment resources were found for autodeployment
2026-09-07 09:49:33.755 [restartedMain] INFO  o.f.spring.boot.ProcessEngineAutoConfiguration - No deployment resources were found for autodeployment
2026-09-07 09:49:33.768 [restartedMain] INFO  o.f.c.engine.impl.async.DefaultAsyncTaskExecutor - Creating thread pool queue of size 100
2026-09-07 09:49:33.768 [restartedMain] INFO  o.f.c.engine.impl.async.DefaultAsyncTaskExecutor - Creating thread factory with naming pattern flowable-async-task-invoker-%d
2026-09-07 09:49:33.769 [restartedMain] INFO  o.f.c.engine.impl.async.DefaultAsyncTaskExecutor - Creating executor service with corePoolSize 8, maxPoolSize 8 and keepAliveTime 5000
2026-09-07 09:49:33.865 [restartedMain] INFO  o.flowable.spring.SpringProcessEngineConfiguration - Found 2 Engine Configurators in total:
2026-09-07 09:49:33.865 [restartedMain] INFO  o.flowable.spring.SpringProcessEngineConfiguration - class org.flowable.eventregistry.spring.configurator.SpringEventRegistryConfigurator (priority:100000)
2026-09-07 09:49:33.865 [restartedMain] INFO  o.flowable.spring.SpringProcessEngineConfiguration - class org.flowable.idm.engine.configurator.IdmEngineConfigurator (priority:150000)
2026-09-07 09:49:33.865 [restartedMain] INFO  o.flowable.spring.SpringProcessEngineConfiguration - Executing beforeInit() of class org.flowable.eventregistry.spring.configurator.SpringEventRegistryConfigurator (priority:100000)
2026-09-07 09:49:33.875 [restartedMain] INFO  o.flowable.spring.SpringProcessEngineConfiguration - Executing beforeInit() of class org.flowable.idm.engine.configurator.IdmEngineConfigurator (priority:150000)
2026-09-07 09:49:34.312 [restartedMain] INFO  o.flowable.spring.SpringProcessEngineConfiguration - Executing configure() of class org.flowable.eventregistry.spring.configurator.SpringEventRegistryConfigurator (priority:100000)
2026-09-07 09:49:34.320 [restartedMain] INFO  o.f.eventregistry.impl.EventRegistryEngineImpl - EventRegistryEngine default created
2026-09-07 09:49:34.320 [restartedMain] INFO  o.flowable.spring.SpringProcessEngineConfiguration - Executing configure() of class org.flowable.idm.engine.configurator.IdmEngineConfigurator (priority:150000)
2026-09-07 09:49:34.326 [restartedMain] INFO  org.flowable.idm.engine.impl.IdmEngineImpl - IdmEngine default created
2026-09-07 09:49:34.362 [restartedMain] INFO  org.flowable.engine.impl.ProcessEngineImpl - ProcessEngine default created
2026-09-07 09:49:34.380 [restartedMain] INFO  o.flowable.engine.impl.cmd.ValidateV5EntitiesCmd - Total of v5 deployments found: 0
2026-09-07 09:49:34.841 [restartedMain] INFO  o.s.s.c.a.a.c.InitializeUserDetailsBeanManagerConfigurer$InitializeUserDetailsManagerConfigurer - Global AuthenticationManager configured with UserDetailsService bean with name adminUserDetailsService
2026-09-07 09:49:34.920 [restartedMain] ERROR i.n.resolver.dns.DnsServerAddressStreamProviders - Unable to load io.netty.resolver.dns.macos.MacOSDnsServerAddressStreamProvider, fallback to system defaults. This may result in incorrect DNS resolutions on MacOS. Check whether you have a dependency on 'io.netty:netty-resolver-dns-native-macos'. Use DEBUG level to see the full stack: java.lang.UnsatisfiedLinkError: failed to load the required native library
2026-09-07 09:49:35.929 [restartedMain] INFO  o.s.s.q.SchedulerFactoryBean$LocalSchedulerFactory - Using default implementation for ThreadExecutor
2026-09-07 09:49:35.937 [restartedMain] INFO  org.quartz.core.SchedulerSignalerImpl - Initialized Scheduler Signaller of type: class org.quartz.core.SchedulerSignalerImpl
2026-09-07 09:49:35.937 [restartedMain] INFO  org.quartz.core.QuartzScheduler - Quartz Scheduler v2.5.2 created.
2026-09-07 09:49:35.938 [restartedMain] INFO  org.quartz.simpl.RAMJobStore - RAMJobStore initialized.
2026-09-07 09:49:35.938 [restartedMain] INFO  org.quartz.core.QuartzScheduler - Scheduler meta-data: Quartz Scheduler (v2.5.2) 'quartzScheduler' with instanceId 'NON_CLUSTERED'
  Scheduler class: 'org.quartz.core.QuartzScheduler' - running locally.
  NOT STARTED.
  Currently in standby mode.
  Number of jobs executed: 0
  Using thread pool 'org.quartz.simpl.SimpleThreadPool' - with 10 threads.
  Using job-store 'org.quartz.simpl.RAMJobStore' - which does not support persistence. and is not clustered.

2026-09-07 09:49:35.938 [restartedMain] INFO  o.s.s.q.SchedulerFactoryBean$LocalSchedulerFactory - Quartz scheduler 'quartzScheduler' initialized from an externally provided properties instance.
2026-09-07 09:49:35.938 [restartedMain] INFO  o.s.s.q.SchedulerFactoryBean$LocalSchedulerFactory - Quartz scheduler version: 2.5.2
2026-09-07 09:49:35.939 [restartedMain] INFO  org.quartz.core.QuartzScheduler - JobFactory set to: org.springframework.scheduling.quartz.SpringBeanJobFactory@8265131
2026-09-07 09:49:35.985 [restartedMain] INFO  o.f.j.s.impl.asyncexecutor.AbstractAsyncExecutor - Starting up the async job executor [org.flowable.spring.job.service.SpringAsyncExecutor] for engine bpmn
2026-09-07 09:49:35.994 [Thread-22] INFO  o.f.j.s.i.asyncexecutor.ResetExpiredJobsRunnable - starting to reset expired jobs for engine bpmn
2026-09-07 09:49:35.994 [restartedMain] INFO  org.apache.coyote.http11.Http11NioProtocol - Starting ProtocolHandler ["http-nio-8080"]
2026-09-07 09:49:35.995 [Thread-20] INFO  o.f.j.s.i.a.AcquireAsyncJobsDueRunnable - starting to acquire async jobs due for engine bpmn
2026-09-07 09:49:35.995 [Thread-21] INFO  o.f.j.s.i.asyncexecutor.AcquireTimerJobsRunnable - starting to acquire async jobs due for engine bpmn
2026-09-07 09:49:36.003 [restartedMain] INFO  org.springframework.boot.tomcat.TomcatWebServer - Tomcat started on port 8080 (http) with context path '/'
2026-09-07 09:49:36.004 [restartedMain] INFO  o.s.scheduling.quartz.SchedulerFactoryBean - Starting Quartz Scheduler now
2026-09-07 09:49:36.004 [restartedMain] INFO  org.quartz.core.QuartzScheduler - Scheduler quartzScheduler_$_NON_CLUSTERED started.
2026-09-07 09:49:36.012 [restartedMain] INFO  com.chronos.ChronosApplication - Started ChronosApplication in 6.721 seconds (process running for 7.459)
2026-09-07 09:49:53.893 [http-nio-8080-exec-1] INFO  o.a.c.core.ContainerBase.[Tomcat].[localhost].[/] - Initializing Spring DispatcherServlet 'dispatcherServlet'
2026-09-07 09:49:53.893 [http-nio-8080-exec-1] INFO  org.springframework.web.servlet.DispatcherServlet - Initializing Servlet 'dispatcherServlet'
2026-09-07 09:49:53.895 [http-nio-8080-exec-1] INFO  org.springframework.web.servlet.DispatcherServlet - Completed initialization in 2 ms
2026-09-07 09:53:19.651 [http-nio-8080-exec-8] WARN  o.s.d.w.c.SpringDataJackson3Configuration$PageModule$WarningLoggingModifier - Serializing PageImpl instances as-is is not supported, meaning that there is no guarantee about the stability of the resulting JSON structure!
	For a stable JSON structure, please use Spring Data's PagedModel (globally via @EnableSpringDataWebSupport(pageSerializationMode = VIA_DTO))
	or Spring HATEOAS and Spring Data's PagedResourcesAssembler as documented in https://docs.spring.io/spring-data/commons/reference/repositories/core-extensions.html#core.web.pageables.

2026-09-07 10:11:19.157 [http-nio-8080-exec-2] WARN  o.s.w.s.m.m.a.ExceptionHandlerExceptionResolver - Resolved [java.lang.IllegalArgumentException: 流程不存在]
2026-09-07 10:11:20.512 [http-nio-8080-exec-1] WARN  o.s.w.s.m.m.a.ExceptionHandlerExceptionResolver - Resolved [java.lang.IllegalArgumentException: 流程不存在]
2026-09-07 10:11:25.494 [http-nio-8080-exec-7] WARN  o.s.w.s.m.m.a.ExceptionHandlerExceptionResolver - Resolved [java.lang.IllegalArgumentException: 流程不存在]
2026-09-07 10:20:29.004 [File Watcher] INFO  o.s.b.d.a.LocalDevToolsAutoConfiguration$RestartingClassPathChangeChangedEventListener - Restarting due to 4 class path changes (0 additions, 0 deletions, 4 modifications)
2026-09-07 10:20:29.007 [Thread-1] INFO  org.quartz.core.QuartzScheduler - Scheduler quartzScheduler_$_NON_CLUSTERED paused.
2026-09-07 10:20:29.007 [Thread-1] INFO  org.springframework.boot.tomcat.GracefulShutdown - Commencing graceful shutdown. Waiting for active requests to complete
2026-09-07 10:20:29.008 [tomcat-shutdown] INFO  org.apache.coyote.http11.Http11NioProtocol - Pausing ProtocolHandler ["http-nio-8080"]
2026-09-07 10:20:29.013 [tomcat-shutdown] INFO  org.springframework.boot.tomcat.GracefulShutdown - Graceful shutdown complete
2026-09-07 10:20:29.013 [Thread-1] INFO  org.apache.coyote.http11.Http11NioProtocol - Stopping ProtocolHandler ["http-nio-8080"]
2026-09-07 10:20:29.031 [Thread-1] INFO  o.s.scheduling.quartz.SchedulerFactoryBean - Shutting down Quartz Scheduler
2026-09-07 10:20:29.032 [Thread-1] INFO  org.quartz.core.QuartzScheduler - Scheduler quartzScheduler_$_NON_CLUSTERED shutting down.
2026-09-07 10:20:29.032 [Thread-1] INFO  org.quartz.core.QuartzScheduler - Scheduler quartzScheduler_$_NON_CLUSTERED paused.
2026-09-07 10:20:29.032 [Thread-1] INFO  org.quartz.core.QuartzScheduler - Scheduler quartzScheduler_$_NON_CLUSTERED shutdown complete.
2026-09-07 10:20:29.039 [Thread-1] INFO  o.f.j.s.impl.asyncexecutor.AbstractAsyncExecutor - Shutting down the async job executor [org.flowable.spring.job.service.SpringAsyncExecutor] for engine bpmn
2026-09-07 10:20:29.039 [flowable-bpmn-acquire-async-jobs] INFO  o.f.j.s.i.a.AcquireAsyncJobsDueRunnable - stopped async job due acquisition for engine bpmn
2026-09-07 10:20:29.039 [flowable-bpmn-acquire-timer-jobs] INFO  o.f.j.s.i.asyncexecutor.AcquireTimerJobsRunnable - stopped async job due acquisition for engine bpmn
2026-09-07 10:20:29.039 [flowable-bpmn-reset-expired-jobs] INFO  o.f.j.s.i.asyncexecutor.ResetExpiredJobsRunnable - stopped resetting expired jobs for engine bpmn
2026-09-07 10:20:29.053 [Thread-1] INFO  o.s.orm.jpa.LocalContainerEntityManagerFactoryBean - Closing JPA EntityManagerFactory for persistence unit 'default'
2026-09-07 10:20:29.057 [Thread-1] INFO  com.alibaba.druid.pool.DruidDataSource - {dataSource-1} closed
2026-09-07 10:20:29.166 [restartedMain] INFO  com.chronos.ChronosApplication - Starting ChronosApplication using Java 25.0.3 with PID 9957 (/Users/gaomingchao/git/Chronos/Chronos/hospital-app/target/classes started by gaomingchao in /Users/gaomingchao/git/Chronos/Chronos/hospital-app)
2026-09-07 10:20:29.166 [restartedMain] INFO  com.chronos.ChronosApplication - No active profile set, falling back to 1 default profile: "default"
2026-09-07 10:20:29.361 [restartedMain] INFO  o.s.d.r.config.RepositoryConfigurationDelegate - Multiple Spring Data modules found, entering strict repository configuration mode
2026-09-07 10:20:29.361 [restartedMain] INFO  o.s.d.r.config.RepositoryConfigurationDelegate - Bootstrapping Spring Data JPA repositories in DEFAULT mode.
2026-09-07 10:20:29.399 [restartedMain] INFO  o.s.d.r.config.RepositoryConfigurationDelegate - Finished Spring Data repository scanning in 36 ms. Found 48 JPA repository interfaces.
2026-09-07 10:20:29.457 [restartedMain] INFO  o.s.d.r.config.RepositoryConfigurationDelegate - Multiple Spring Data modules found, entering strict repository configuration mode
2026-09-07 10:20:29.457 [restartedMain] INFO  o.s.d.r.config.RepositoryConfigurationDelegate - Bootstrapping Spring Data Redis repositories in DEFAULT mode.
2026-09-07 10:20:29.466 [restartedMain] INFO  o.s.d.r.c.RepositoryConfigurationExtensionSupport - Spring Data Redis - Could not safely identify store assignment for repository candidate interface com.chronos.Idao.IAuditLogRepository; If you want this repository to be a Redis repository, consider annotating your entities with one of these annotations: org.springframework.data.redis.core.RedisHash (preferred), or consider extending one of the following types with your repository: org.springframework.data.keyvalue.repository.KeyValueRepository
2026-09-07 10:20:29.466 [restartedMain] INFO  o.s.d.r.c.RepositoryConfigurationExtensionSupport - Spring Data Redis - Could not safely identify store assignment for repository candidate interface com.chronos.Idao.IAdminUserRepository; If you want this repository to be a Redis repository, consider annotating your entities with one of these annotations: org.springframework.data.redis.core.RedisHash (preferred), or consider extending one of the following types with your repository: org.springframework.data.keyvalue.repository.KeyValueRepository
2026-09-07 10:20:29.466 [restartedMain] INFO  o.s.d.r.c.RepositoryConfigurationExtensionSupport - Spring Data Redis - Could not safely identify store assignment for repository candidate interface com.chronos.Idao.IConsumerUserRepository; If you want this repository to be a Redis repository, consider annotating your entities with one of these annotations: org.springframework.data.redis.core.RedisHash (preferred), or consider extending one of the following types with your repository: org.springframework.data.keyvalue.repository.KeyValueRepository
2026-09-07 10:20:29.466 [restartedMain] INFO  o.s.d.r.c.RepositoryConfigurationExtensionSupport - Spring Data Redis - Could not safely identify store assignment for repository candidate interface com.chronos.Idao.IDictRepository; If you want this repository to be a Redis repository, consider annotating your entities with one of these annotations: org.springframework.data.redis.core.RedisHash (preferred), or consider extending one of the following types with your repository: org.springframework.data.keyvalue.repository.KeyValueRepository
2026-09-07 10:20:29.466 [restartedMain] INFO  o.s.d.r.c.RepositoryConfigurationExtensionSupport - Spring Data Redis - Could not safely identify store assignment for repository candidate interface com.chronos.Idao.IEmployeeAssignmentRepository; If you want this repository to be a Redis repository, consider annotating your entities with one of these annotations: org.springframework.data.redis.core.RedisHash (preferred), or consider extending one of the following types with your repository: org.springframework.data.keyvalue.repository.KeyValueRepository
2026-09-07 10:20:29.466 [restartedMain] INFO  o.s.d.r.c.RepositoryConfigurationExtensionSupport - Spring Data Redis - Could not safely identify store assignment for repository candidate interface com.chronos.Idao.IEmployeeRepository; If you want this repository to be a Redis repository, consider annotating your entities with one of these annotations: org.springframework.data.redis.core.RedisHash (preferred), or consider extending one of the following types with your repository: org.springframework.data.keyvalue.repository.KeyValueRepository
2026-09-07 10:20:29.466 [restartedMain] INFO  o.s.d.r.c.RepositoryConfigurationExtensionSupport - Spring Data Redis - Could not safely identify store assignment for repository candidate interface com.chronos.Idao.IJobLevelRepository; If you want this repository to be a Redis repository, consider annotating your entities with one of these annotations: org.springframework.data.redis.core.RedisHash (preferred), or consider extending one of the following types with your repository: org.springframework.data.keyvalue.repository.KeyValueRepository
2026-09-07 10:20:29.466 [restartedMain] INFO  o.s.d.r.c.RepositoryConfigurationExtensionSupport - Spring Data Redis - Could not safely identify store assignment for repository candidate interface com.chronos.Idao.IJobTitleRepository; If you want this repository to be a Redis repository, consider annotating your entities with one of these annotations: org.springframework.data.redis.core.RedisHash (preferred), or consider extending one of the following types with your repository: org.springframework.data.keyvalue.repository.KeyValueRepository
2026-09-07 10:20:29.466 [restartedMain] INFO  o.s.d.r.c.RepositoryConfigurationExtensionSupport - Spring Data Redis - Could not safely identify store assignment for repository candidate interface com.chronos.Idao.IMenuRepository; If you want this repository to be a Redis repository, consider annotating your entities with one of these annotations: org.springframework.data.redis.core.RedisHash (preferred), or consider extending one of the following types with your repository: org.springframework.data.keyvalue.repository.KeyValueRepository
2026-09-07 10:20:29.466 [restartedMain] INFO  o.s.d.r.c.RepositoryConfigurationExtensionSupport - Spring Data Redis - Could not safely identify store assignment for repository candidate interface com.chronos.Idao.IOrganizationRepository; If you want this repository to be a Redis repository, consider annotating your entities with one of these annotations: org.springframework.data.redis.core.RedisHash (preferred), or consider extending one of the following types with your repository: org.springframework.data.keyvalue.repository.KeyValueRepository
2026-09-07 10:20:29.466 [restartedMain] INFO  o.s.d.r.c.RepositoryConfigurationExtensionSupport - Spring Data Redis - Could not safely identify store assignment for repository candidate interface com.chronos.Idao.IOrganizationUnitRepository; If you want this repository to be a Redis repository, consider annotating your entities with one of these annotations: org.springframework.data.redis.core.RedisHash (preferred), or consider extending one of the following types with your repository: org.springframework.data.keyvalue.repository.KeyValueRepository
2026-09-07 10:20:29.466 [restartedMain] INFO  o.s.d.r.c.RepositoryConfigurationExtensionSupport - Spring Data Redis - Could not safely identify store assignment for repository candidate interface com.chronos.Idao.IPermissionRepository; If you want this repository to be a Redis repository, consider annotating your entities with one of these annotations: org.springframework.data.redis.core.RedisHash (preferred), or consider extending one of the following types with your repository: org.springframework.data.keyvalue.repository.KeyValueRepository
2026-09-07 10:20:29.466 [restartedMain] INFO  o.s.d.r.c.RepositoryConfigurationExtensionSupport - Spring Data Redis - Could not safely identify store assignment for repository candidate interface com.chronos.Idao.IPortalApplicationRepository; If you want this repository to be a Redis repository, consider annotating your entities with one of these annotations: org.springframework.data.redis.core.RedisHash (preferred), or consider extending one of the following types with your repository: org.springframework.data.keyvalue.repository.KeyValueRepository
2026-09-07 10:20:29.466 [restartedMain] INFO  o.s.d.r.c.RepositoryConfigurationExtensionSupport - Spring Data Redis - Could not safely identify store assignment for repository candidate interface com.chronos.Idao.IPortalWidgetRepository; If you want this repository to be a Redis repository, consider annotating your entities with one of these annotations: org.springframework.data.redis.core.RedisHash (preferred), or consider extending one of the following types with your repository: org.springframework.data.keyvalue.repository.KeyValueRepository
2026-09-07 10:20:29.466 [restartedMain] INFO  o.s.d.r.c.RepositoryConfigurationExtensionSupport - Spring Data Redis - Could not safely identify store assignment for repository candidate interface com.chronos.Idao.IPositionRepository; If you want this repository to be a Redis repository, consider annotating your entities with one of these annotations: org.springframework.data.redis.core.RedisHash (preferred), or consider extending one of the following types with your repository: org.springframework.data.keyvalue.repository.KeyValueRepository
2026-09-07 10:20:29.466 [restartedMain] INFO  o.s.d.r.c.RepositoryConfigurationExtensionSupport - Spring Data Redis - Could not safely identify store assignment for repository candidate interface com.chronos.Idao.IRefreshTokenRepository; If you want this repository to be a Redis repository, consider annotating your entities with one of these annotations: org.springframework.data.redis.core.RedisHash (preferred), or consider extending one of the following types with your repository: org.springframework.data.keyvalue.repository.KeyValueRepository
2026-09-07 10:20:29.466 [restartedMain] INFO  o.s.d.r.c.RepositoryConfigurationExtensionSupport - Spring Data Redis - Could not safely identify store assignment for repository candidate interface com.chronos.Idao.IRoleDataScopeRepository; If you want this repository to be a Redis repository, consider annotating your entities with one of these annotations: org.springframework.data.redis.core.RedisHash (preferred), or consider extending one of the following types with your repository: org.springframework.data.keyvalue.repository.KeyValueRepository
2026-09-07 10:20:29.466 [restartedMain] INFO  o.s.d.r.c.RepositoryConfigurationExtensionSupport - Spring Data Redis - Could not safely identify store assignment for repository candidate interface com.chronos.Idao.IRoleMenuPermissionRepository; If you want this repository to be a Redis repository, consider annotating your entities with one of these annotations: org.springframework.data.redis.core.RedisHash (preferred), or consider extending one of the following types with your repository: org.springframework.data.keyvalue.repository.KeyValueRepository
2026-09-07 10:20:29.466 [restartedMain] INFO  o.s.d.r.c.RepositoryConfigurationExtensionSupport - Spring Data Redis - Could not safely identify store assignment for repository candidate interface com.chronos.Idao.IRolePermissionRepository; If you want this repository to be a Redis repository, consider annotating your entities with one of these annotations: org.springframework.data.redis.core.RedisHash (preferred), or consider extending one of the following types with your repository: org.springframework.data.keyvalue.repository.KeyValueRepository
2026-09-07 10:20:29.467 [restartedMain] INFO  o.s.d.r.c.RepositoryConfigurationExtensionSupport - Spring Data Redis - Could not safely identify store assignment for repository candidate interface com.chronos.Idao.IRoleRepository; If you want this repository to be a Redis repository, consider annotating your entities with one of these annotations: org.springframework.data.redis.core.RedisHash (preferred), or consider extending one of the following types with your repository: org.springframework.data.keyvalue.repository.KeyValueRepository
2026-09-07 10:20:29.467 [restartedMain] INFO  o.s.d.r.c.RepositoryConfigurationExtensionSupport - Spring Data Redis - Could not safely identify store assignment for repository candidate interface com.chronos.Idao.IUserPortalApplicationRepository; If you want this repository to be a Redis repository, consider annotating your entities with one of these annotations: org.springframework.data.redis.core.RedisHash (preferred), or consider extending one of the following types with your repository: org.springframework.data.keyvalue.repository.KeyValueRepository
2026-09-07 10:20:29.467 [restartedMain] INFO  o.s.d.r.c.RepositoryConfigurationExtensionSupport - Spring Data Redis - Could not safely identify store assignment for repository candidate interface com.chronos.Idao.IUserPortalPreferenceRepository; If you want this repository to be a Redis repository, consider annotating your entities with one of these annotations: org.springframework.data.redis.core.RedisHash (preferred), or consider extending one of the following types with your repository: org.springframework.data.keyvalue.repository.KeyValueRepository
2026-09-07 10:20:29.467 [restartedMain] INFO  o.s.d.r.c.RepositoryConfigurationExtensionSupport - Spring Data Redis - Could not safely identify store assignment for repository candidate interface com.chronos.Idao.form.IFormDefinitionRepository; If you want this repository to be a Redis repository, consider annotating your entities with one of these annotations: org.springframework.data.redis.core.RedisHash (preferred), or consider extending one of the following types with your repository: org.springframework.data.keyvalue.repository.KeyValueRepository
2026-09-07 10:20:29.467 [restartedMain] INFO  o.s.d.r.c.RepositoryConfigurationExtensionSupport - Spring Data Redis - Could not safely identify store assignment for repository candidate interface com.chronos.Idao.form.IFormFieldRepository; If you want this repository to be a Redis repository, consider annotating your entities with one of these annotations: org.springframework.data.redis.core.RedisHash (preferred), or consider extending one of the following types with your repository: org.springframework.data.keyvalue.repository.KeyValueRepository
2026-09-07 10:20:29.467 [restartedMain] INFO  o.s.d.r.c.RepositoryConfigurationExtensionSupport - Spring Data Redis - Could not safely identify store assignment for repository candidate interface com.chronos.Idao.form.IFormInstanceRepository; If you want this repository to be a Redis repository, consider annotating your entities with one of these annotations: org.springframework.data.redis.core.RedisHash (preferred), or consider extending one of the following types with your repository: org.springframework.data.keyvalue.repository.KeyValueRepository
2026-09-07 10:20:29.467 [restartedMain] INFO  o.s.d.r.c.RepositoryConfigurationExtensionSupport - Spring Data Redis - Could not safely identify store assignment for repository candidate interface com.chronos.Idao.workflow.IWorkflowAiSettingRepository; If you want this repository to be a Redis repository, consider annotating your entities with one of these annotations: org.springframework.data.redis.core.RedisHash (preferred), or consider extending one of the following types with your repository: org.springframework.data.keyvalue.repository.KeyValueRepository
2026-09-07 10:20:29.467 [restartedMain] INFO  o.s.d.r.c.RepositoryConfigurationExtensionSupport - Spring Data Redis - Could not safely identify store assignment for repository candidate interface com.chronos.Idao.workflow.IWorkflowDefinitionAclRepository; If you want this repository to be a Redis repository, consider annotating your entities with one of these annotations: org.springframework.data.redis.core.RedisHash (preferred), or consider extending one of the following types with your repository: org.springframework.data.keyvalue.repository.KeyValueRepository
2026-09-07 10:20:29.467 [restartedMain] INFO  o.s.d.r.c.RepositoryConfigurationExtensionSupport - Spring Data Redis - Could not safely identify store assignment for repository candidate interface com.chronos.Idao.workflow.IWorkflowDefinitionRepository; If you want this repository to be a Redis repository, consider annotating your entities with one of these annotations: org.springframework.data.redis.core.RedisHash (preferred), or consider extending one of the following types with your repository: org.springframework.data.keyvalue.repository.KeyValueRepository
2026-09-07 10:20:29.467 [restartedMain] INFO  o.s.d.r.c.RepositoryConfigurationExtensionSupport - Spring Data Redis - Could not safely identify store assignment for repository candidate interface com.chronos.Idao.workflow.IWorkflowDelegationRepository; If you want this repository to be a Redis repository, consider annotating your entities with one of these annotations: org.springframework.data.redis.core.RedisHash (preferred), or consider extending one of the following types with your repository: org.springframework.data.keyvalue.repository.KeyValueRepository
2026-09-07 10:20:29.467 [restartedMain] INFO  o.s.d.r.c.RepositoryConfigurationExtensionSupport - Spring Data Redis - Could not safely identify store assignment for repository candidate interface com.chronos.Idao.workflow.IWorkflowEdgeRepository; If you want this repository to be a Redis repository, consider annotating your entities with one of these annotations: org.springframework.data.redis.core.RedisHash (preferred), or consider extending one of the following types with your repository: org.springframework.data.keyvalue.repository.KeyValueRepository
2026-09-07 10:20:29.467 [restartedMain] INFO  o.s.d.r.c.RepositoryConfigurationExtensionSupport - Spring Data Redis - Could not safely identify store assignment for repository candidate interface com.chronos.Idao.workflow.IWorkflowExecutionLogRepository; If you want this repository to be a Redis repository, consider annotating your entities with one of these annotations: org.springframework.data.redis.core.RedisHash (preferred), or consider extending one of the following types with your repository: org.springframework.data.keyvalue.repository.KeyValueRepository
2026-09-07 10:20:29.467 [restartedMain] INFO  o.s.d.r.c.RepositoryConfigurationExtensionSupport - Spring Data Redis - Could not safely identify store assignment for repository candidate interface com.chronos.Idao.workflow.IWorkflowIdempotencyRepository; If you want this repository to be a Redis repository, consider annotating your entities with one of these annotations: org.springframework.data.redis.core.RedisHash (preferred), or consider extending one of the following types with your repository: org.springframework.data.keyvalue.repository.KeyValueRepository
2026-09-07 10:20:29.467 [restartedMain] INFO  o.s.d.r.c.RepositoryConfigurationExtensionSupport - Spring Data Redis - Could not safely identify store assignment for repository candidate interface com.chronos.Idao.workflow.IWorkflowIncidentRepository; If you want this repository to be a Redis repository, consider annotating your entities with one of these annotations: org.springframework.data.redis.core.RedisHash (preferred), or consider extending one of the following types with your repository: org.springframework.data.keyvalue.repository.KeyValueRepository
2026-09-07 10:20:29.467 [restartedMain] INFO  o.s.d.r.c.RepositoryConfigurationExtensionSupport - Spring Data Redis - Could not safely identify store assignment for repository candidate interface com.chronos.Idao.workflow.IWorkflowInstanceParticipantRepository; If you want this repository to be a Redis repository, consider annotating your entities with one of these annotations: org.springframework.data.redis.core.RedisHash (preferred), or consider extending one of the following types with your repository: org.springframework.data.keyvalue.repository.KeyValueRepository
2026-09-07 10:20:29.467 [restartedMain] INFO  o.s.d.r.c.RepositoryConfigurationExtensionSupport - Spring Data Redis - Could not safely identify store assignment for repository candidate interface com.chronos.Idao.workflow.IWorkflowInstanceRepository; If you want this repository to be a Redis repository, consider annotating your entities with one of these annotations: org.springframework.data.redis.core.RedisHash (preferred), or consider extending one of the following types with your repository: org.springframework.data.keyvalue.repository.KeyValueRepository
2026-09-07 10:20:29.467 [restartedMain] INFO  o.s.d.r.c.RepositoryConfigurationExtensionSupport - Spring Data Redis - Could not safely identify store assignment for repository candidate interface com.chronos.Idao.workflow.IWorkflowNodeRepository; If you want this repository to be a Redis repository, consider annotating your entities with one of these annotations: org.springframework.data.redis.core.RedisHash (preferred), or consider extending one of the following types with your repository: org.springframework.data.keyvalue.repository.KeyValueRepository
2026-09-07 10:20:29.467 [restartedMain] INFO  o.s.d.r.c.RepositoryConfigurationExtensionSupport - Spring Data Redis - Could not safely identify store assignment for repository candidate interface com.chronos.Idao.workflow.IWorkflowNotificationRepository; If you want this repository to be a Redis repository, consider annotating your entities with one of these annotations: org.springframework.data.redis.core.RedisHash (preferred), or consider extending one of the following types with your repository: org.springframework.data.keyvalue.repository.KeyValueRepository
2026-09-07 10:20:29.468 [restartedMain] INFO  o.s.d.r.c.RepositoryConfigurationExtensionSupport - Spring Data Redis - Could not safely identify store assignment for repository candidate interface com.chronos.Idao.workflow.IWorkflowOutboxRepository; If you want this repository to be a Redis repository, consider annotating your entities with one of these annotations: org.springframework.data.redis.core.RedisHash (preferred), or consider extending one of the following types with your repository: org.springframework.data.keyvalue.repository.KeyValueRepository
2026-09-07 10:20:29.468 [restartedMain] INFO  o.s.d.r.c.RepositoryConfigurationExtensionSupport - Spring Data Redis - Could not safely identify store assignment for repository candidate interface com.chronos.Idao.workflow.IWorkflowReviewRepository; If you want this repository to be a Redis repository, consider annotating your entities with one of these annotations: org.springframework.data.redis.core.RedisHash (preferred), or consider extending one of the following types with your repository: org.springframework.data.keyvalue.repository.KeyValueRepository
2026-09-07 10:20:29.468 [restartedMain] INFO  o.s.d.r.c.RepositoryConfigurationExtensionSupport - Spring Data Redis - Could not safely identify store assignment for repository candidate interface com.chronos.Idao.workflow.IWorkflowTaskCandidateRepository; If you want this repository to be a Redis repository, consider annotating your entities with one of these annotations: org.springframework.data.redis.core.RedisHash (preferred), or consider extending one of the following types with your repository: org.springframework.data.keyvalue.repository.KeyValueRepository
2026-09-07 10:20:29.468 [restartedMain] INFO  o.s.d.r.c.RepositoryConfigurationExtensionSupport - Spring Data Redis - Could not safely identify store assignment for repository candidate interface com.chronos.Idao.workflow.IWorkflowTaskRepository; If you want this repository to be a Redis repository, consider annotating your entities with one of these annotations: org.springframework.data.redis.core.RedisHash (preferred), or consider extending one of the following types with your repository: org.springframework.data.keyvalue.repository.KeyValueRepository
2026-09-07 10:20:29.468 [restartedMain] INFO  o.s.d.r.c.RepositoryConfigurationExtensionSupport - Spring Data Redis - Could not safely identify store assignment for repository candidate interface com.chronos.message.Idao.IPublicationAttachmentRepository; If you want this repository to be a Redis repository, consider annotating your entities with one of these annotations: org.springframework.data.redis.core.RedisHash (preferred), or consider extending one of the following types with your repository: org.springframework.data.keyvalue.repository.KeyValueRepository
2026-09-07 10:20:29.468 [restartedMain] INFO  o.s.d.r.c.RepositoryConfigurationExtensionSupport - Spring Data Redis - Could not safely identify store assignment for repository candidate interface com.chronos.message.Idao.IPublicationAudienceRepository; If you want this repository to be a Redis repository, consider annotating your entities with one of these annotations: org.springframework.data.redis.core.RedisHash (preferred), or consider extending one of the following types with your repository: org.springframework.data.keyvalue.repository.KeyValueRepository
2026-09-07 10:20:29.468 [restartedMain] INFO  o.s.d.r.c.RepositoryConfigurationExtensionSupport - Spring Data Redis - Could not safely identify store assignment for repository candidate interface com.chronos.message.Idao.IPublicationDeliveryRepository; If you want this repository to be a Redis repository, consider annotating your entities with one of these annotations: org.springframework.data.redis.core.RedisHash (preferred), or consider extending one of the following types with your repository: org.springframework.data.keyvalue.repository.KeyValueRepository
2026-09-07 10:20:29.468 [restartedMain] INFO  o.s.d.r.c.RepositoryConfigurationExtensionSupport - Spring Data Redis - Could not safely identify store assignment for repository candidate interface com.chronos.message.Idao.IPublicationReadRepository; If you want this repository to be a Redis repository, consider annotating your entities with one of these annotations: org.springframework.data.redis.core.RedisHash (preferred), or consider extending one of the following types with your repository: org.springframework.data.keyvalue.repository.KeyValueRepository
2026-09-07 10:20:29.468 [restartedMain] INFO  o.s.d.r.c.RepositoryConfigurationExtensionSupport - Spring Data Redis - Could not safely identify store assignment for repository candidate interface com.chronos.message.Idao.IPublicationRecipientRepository; If you want this repository to be a Redis repository, consider annotating your entities with one of these annotations: org.springframework.data.redis.core.RedisHash (preferred), or consider extending one of the following types with your repository: org.springframework.data.keyvalue.repository.KeyValueRepository
2026-09-07 10:20:29.468 [restartedMain] INFO  o.s.d.r.c.RepositoryConfigurationExtensionSupport - Spring Data Redis - Could not safely identify store assignment for repository candidate interface com.chronos.message.Idao.IPublicationRepository; If you want this repository to be a Redis repository, consider annotating your entities with one of these annotations: org.springframework.data.redis.core.RedisHash (preferred), or consider extending one of the following types with your repository: org.springframework.data.keyvalue.repository.KeyValueRepository
2026-09-07 10:20:29.468 [restartedMain] INFO  o.s.d.r.c.RepositoryConfigurationExtensionSupport - Spring Data Redis - Could not safely identify store assignment for repository candidate interface com.chronos.message.Idao.IPublicationVersionRepository; If you want this repository to be a Redis repository, consider annotating your entities with one of these annotations: org.springframework.data.redis.core.RedisHash (preferred), or consider extending one of the following types with your repository: org.springframework.data.keyvalue.repository.KeyValueRepository
2026-09-07 10:20:29.468 [restartedMain] INFO  o.s.d.r.config.RepositoryConfigurationDelegate - Finished Spring Data repository scanning in 10 ms. Found 0 Redis repository interfaces.
2026-09-07 10:20:29.590 [restartedMain] INFO  org.springframework.boot.tomcat.TomcatWebServer - Tomcat initialized with port 8080 (http)
2026-09-07 10:20:29.591 [restartedMain] INFO  org.apache.coyote.http11.Http11NioProtocol - Initializing ProtocolHandler ["http-nio-8080"]
2026-09-07 10:20:29.591 [restartedMain] INFO  org.apache.catalina.core.StandardService - Starting service [Tomcat]
2026-09-07 10:20:29.591 [restartedMain] INFO  org.apache.catalina.core.StandardEngine - Starting Servlet engine: [Apache Tomcat/11.0.22]
2026-09-07 10:20:29.603 [restartedMain] INFO  o.s.b.w.c.servlet.WebApplicationContextInitializer - Root WebApplicationContext: initialization completed in 436 ms
2026-09-07 10:20:29.671 [restartedMain] INFO  org.hibernate.orm.jpa - HHH008540: Processing PersistenceUnitInfo [name: default]
2026-09-07 10:20:29.696 [restartedMain] INFO  o.s.o.j.persistenceunit.SpringPersistenceUnitInfo - No LoadTimeWeaver setup: ignoring JPA class transformer
2026-09-07 10:20:29.698 [restartedMain] INFO  com.alibaba.druid.pool.DruidDataSource - {dataSource-2} inited
2026-09-07 10:20:29.718 [restartedMain] WARN  org.hibernate.orm.deprecation - HHH90000025: PostgreSQLDialect does not need to be specified explicitly using 'hibernate.dialect' (remove the property setting and it will be selected by default)
2026-09-07 10:20:29.720 [restartedMain] INFO  org.hibernate.orm.connections.pooling - HHH10001005: Database info:
	Database JDBC URL [jdbc:postgresql://localhost:5432/Chronos]
	Database driver: PostgreSQL JDBC Driver
	Database dialect: PostgreSQLDialect
	Database version: 17.10
	Default catalog/schema: Chronos/public
	Autocommit mode: undefined/unknown
	Isolation level: READ_COMMITTED [default READ_COMMITTED]
	JDBC fetch size: none
	Pool: DataSourceConnectionProvider
	Minimum pool size: undefined/unknown
	Maximum pool size: undefined/unknown
2026-09-07 10:20:30.094 [restartedMain] INFO  org.hibernate.orm.core - HHH000489: No JTA platform available (set 'hibernate.transaction.jta.platform' to enable JTA platform integration)
2026-09-07 10:20:30.139 [restartedMain] INFO  o.s.orm.jpa.LocalContainerEntityManagerFactoryBean - Initialized JPA EntityManagerFactory for persistence unit 'default'
2026-09-07 10:20:30.492 [restartedMain] INFO  o.f.s.b.e.EventRegistryAutoConfiguration - No deployment resources were found for autodeployment
2026-09-07 10:20:30.557 [restartedMain] INFO  o.f.spring.boot.ProcessEngineAutoConfiguration - No deployment resources were found for autodeployment
2026-09-07 10:20:30.564 [restartedMain] INFO  o.f.c.engine.impl.async.DefaultAsyncTaskExecutor - Creating thread pool queue of size 100
2026-09-07 10:20:30.564 [restartedMain] INFO  o.f.c.engine.impl.async.DefaultAsyncTaskExecutor - Creating thread factory with naming pattern flowable-async-task-invoker-%d
2026-09-07 10:20:30.564 [restartedMain] INFO  o.f.c.engine.impl.async.DefaultAsyncTaskExecutor - Creating executor service with corePoolSize 8, maxPoolSize 8 and keepAliveTime 5000
2026-09-07 10:20:30.645 [restartedMain] INFO  o.flowable.spring.SpringProcessEngineConfiguration - Found 2 Engine Configurators in total:
2026-09-07 10:20:30.645 [restartedMain] INFO  o.flowable.spring.SpringProcessEngineConfiguration - class org.flowable.eventregistry.spring.configurator.SpringEventRegistryConfigurator (priority:100000)
2026-09-07 10:20:30.645 [restartedMain] INFO  o.flowable.spring.SpringProcessEngineConfiguration - class org.flowable.idm.engine.configurator.IdmEngineConfigurator (priority:150000)
2026-09-07 10:20:30.645 [restartedMain] INFO  o.flowable.spring.SpringProcessEngineConfiguration - Executing beforeInit() of class org.flowable.eventregistry.spring.configurator.SpringEventRegistryConfigurator (priority:100000)
2026-09-07 10:20:30.646 [restartedMain] INFO  o.flowable.spring.SpringProcessEngineConfiguration - Executing beforeInit() of class org.flowable.idm.engine.configurator.IdmEngineConfigurator (priority:150000)
2026-09-07 10:20:30.813 [restartedMain] INFO  o.flowable.spring.SpringProcessEngineConfiguration - Executing configure() of class org.flowable.eventregistry.spring.configurator.SpringEventRegistryConfigurator (priority:100000)
2026-09-07 10:20:30.814 [restartedMain] INFO  o.f.eventregistry.impl.EventRegistryEngineImpl - EventRegistryEngine default created
2026-09-07 10:20:30.814 [restartedMain] INFO  o.flowable.spring.SpringProcessEngineConfiguration - Executing configure() of class org.flowable.idm.engine.configurator.IdmEngineConfigurator (priority:150000)
2026-09-07 10:20:30.814 [restartedMain] INFO  org.flowable.idm.engine.impl.IdmEngineImpl - IdmEngine default created
2026-09-07 10:20:30.826 [restartedMain] INFO  org.flowable.engine.impl.ProcessEngineImpl - ProcessEngine default created
2026-09-07 10:20:30.828 [restartedMain] INFO  o.flowable.engine.impl.cmd.ValidateV5EntitiesCmd - Total of v5 deployments found: 0
2026-09-07 10:20:31.107 [restartedMain] INFO  o.s.s.c.a.a.c.InitializeUserDetailsBeanManagerConfigurer$InitializeUserDetailsManagerConfigurer - Global AuthenticationManager configured with UserDetailsService bean with name adminUserDetailsService
2026-09-07 10:20:31.496 [restartedMain] INFO  o.s.s.q.SchedulerFactoryBean$LocalSchedulerFactory - Using default implementation for ThreadExecutor
2026-09-07 10:20:31.496 [restartedMain] INFO  org.quartz.core.SchedulerSignalerImpl - Initialized Scheduler Signaller of type: class org.quartz.core.SchedulerSignalerImpl
2026-09-07 10:20:31.496 [restartedMain] INFO  org.quartz.core.QuartzScheduler - Quartz Scheduler v2.5.2 created.
2026-09-07 10:20:31.496 [restartedMain] INFO  org.quartz.simpl.RAMJobStore - RAMJobStore initialized.
2026-09-07 10:20:31.496 [restartedMain] INFO  org.quartz.core.QuartzScheduler - Scheduler meta-data: Quartz Scheduler (v2.5.2) 'quartzScheduler' with instanceId 'NON_CLUSTERED'
  Scheduler class: 'org.quartz.core.QuartzScheduler' - running locally.
  NOT STARTED.
  Currently in standby mode.
  Number of jobs executed: 0
  Using thread pool 'org.quartz.simpl.SimpleThreadPool' - with 10 threads.
  Using job-store 'org.quartz.simpl.RAMJobStore' - which does not support persistence. and is not clustered.

2026-09-07 10:20:31.496 [restartedMain] INFO  o.s.s.q.SchedulerFactoryBean$LocalSchedulerFactory - Quartz scheduler 'quartzScheduler' initialized from an externally provided properties instance.
2026-09-07 10:20:31.496 [restartedMain] INFO  o.s.s.q.SchedulerFactoryBean$LocalSchedulerFactory - Quartz scheduler version: 2.5.2
2026-09-07 10:20:31.496 [restartedMain] INFO  org.quartz.core.QuartzScheduler - JobFactory set to: org.springframework.scheduling.quartz.SpringBeanJobFactory@73c7f1dd
2026-09-07 10:20:31.531 [restartedMain] INFO  o.f.j.s.impl.asyncexecutor.AbstractAsyncExecutor - Starting up the async job executor [org.flowable.spring.job.service.SpringAsyncExecutor] for engine bpmn
2026-09-07 10:20:31.536 [Thread-43] INFO  o.f.j.s.i.asyncexecutor.AcquireTimerJobsRunnable - starting to acquire async jobs due for engine bpmn
2026-09-07 10:20:31.536 [Thread-42] INFO  o.f.j.s.i.a.AcquireAsyncJobsDueRunnable - starting to acquire async jobs due for engine bpmn
2026-09-07 10:20:31.536 [Thread-44] INFO  o.f.j.s.i.asyncexecutor.ResetExpiredJobsRunnable - starting to reset expired jobs for engine bpmn
2026-09-07 10:20:31.536 [restartedMain] INFO  org.apache.coyote.http11.Http11NioProtocol - Starting ProtocolHandler ["http-nio-8080"]
2026-09-07 10:20:31.537 [restartedMain] INFO  org.springframework.boot.tomcat.TomcatWebServer - Tomcat started on port 8080 (http) with context path '/'
2026-09-07 10:20:31.537 [restartedMain] INFO  o.s.scheduling.quartz.SchedulerFactoryBean - Starting Quartz Scheduler now
2026-09-07 10:20:31.537 [restartedMain] INFO  org.quartz.core.QuartzScheduler - Scheduler quartzScheduler_$_NON_CLUSTERED started.
2026-09-07 10:20:31.540 [restartedMain] INFO  com.chronos.ChronosApplication - Started ChronosApplication in 2.4 seconds (process running for 1862.729)
2026-09-07 10:20:31.860 [restartedMain] INFO  o.s.b.d.a.ConditionEvaluationDeltaLoggingListener - Condition evaluation unchanged
2026-09-07 10:21:10.415 [File Watcher] INFO  o.s.b.d.a.LocalDevToolsAutoConfiguration$RestartingClassPathChangeChangedEventListener - Restarting due to 4 class path changes (0 additions, 0 deletions, 4 modifications)
2026-09-07 10:21:10.417 [Thread-23] INFO  org.quartz.core.QuartzScheduler - Scheduler quartzScheduler_$_NON_CLUSTERED paused.
2026-09-07 10:21:10.417 [Thread-23] INFO  org.springframework.boot.tomcat.GracefulShutdown - Commencing graceful shutdown. Waiting for active requests to complete
2026-09-07 10:21:10.417 [tomcat-shutdown] INFO  org.apache.coyote.http11.Http11NioProtocol - Pausing ProtocolHandler ["http-nio-8080"]
2026-09-07 10:21:10.421 [tomcat-shutdown] INFO  org.springframework.boot.tomcat.GracefulShutdown - Graceful shutdown complete
2026-09-07 10:21:10.421 [Thread-23] INFO  org.apache.coyote.http11.Http11NioProtocol - Stopping ProtocolHandler ["http-nio-8080"]
2026-09-07 10:21:10.423 [Thread-23] INFO  o.s.scheduling.quartz.SchedulerFactoryBean - Shutting down Quartz Scheduler
2026-09-07 10:21:10.423 [Thread-23] INFO  org.quartz.core.QuartzScheduler - Scheduler quartzScheduler_$_NON_CLUSTERED shutting down.
2026-09-07 10:21:10.423 [Thread-23] INFO  org.quartz.core.QuartzScheduler - Scheduler quartzScheduler_$_NON_CLUSTERED paused.
2026-09-07 10:21:10.423 [Thread-23] INFO  org.quartz.core.QuartzScheduler - Scheduler quartzScheduler_$_NON_CLUSTERED shutdown complete.
2026-09-07 10:21:10.426 [Thread-23] INFO  o.f.j.s.impl.asyncexecutor.AbstractAsyncExecutor - Shutting down the async job executor [org.flowable.spring.job.service.SpringAsyncExecutor] for engine bpmn
2026-09-07 10:21:10.426 [flowable-bpmn-acquire-async-jobs] INFO  o.f.j.s.i.a.AcquireAsyncJobsDueRunnable - stopped async job due acquisition for engine bpmn
2026-09-07 10:21:10.426 [flowable-bpmn-acquire-timer-jobs] INFO  o.f.j.s.i.asyncexecutor.AcquireTimerJobsRunnable - stopped async job due acquisition for engine bpmn
2026-09-07 10:21:10.426 [flowable-bpmn-reset-expired-jobs] INFO  o.f.j.s.i.asyncexecutor.ResetExpiredJobsRunnable - stopped resetting expired jobs for engine bpmn
2026-09-07 10:21:10.436 [Thread-23] INFO  o.s.orm.jpa.LocalContainerEntityManagerFactoryBean - Closing JPA EntityManagerFactory for persistence unit 'default'
2026-09-07 10:21:10.437 [Thread-23] INFO  com.alibaba.druid.pool.DruidDataSource - {dataSource-2} closed
2026-09-07 10:21:10.522 [restartedMain] INFO  com.chronos.ChronosApplication - Starting ChronosApplication using Java 25.0.3 with PID 9957 (/Users/gaomingchao/git/Chronos/Chronos/hospital-app/target/classes started by gaomingchao in /Users/gaomingchao/git/Chronos/Chronos/hospital-app)
2026-09-07 10:21:10.523 [restartedMain] INFO  com.chronos.ChronosApplication - No active profile set, falling back to 1 default profile: "default"
2026-09-07 10:21:10.687 [restartedMain] INFO  o.s.d.r.config.RepositoryConfigurationDelegate - Multiple Spring Data modules found, entering strict repository configuration mode
2026-09-07 10:21:10.687 [restartedMain] INFO  o.s.d.r.config.RepositoryConfigurationDelegate - Bootstrapping Spring Data JPA repositories in DEFAULT mode.
2026-09-07 10:21:10.718 [restartedMain] INFO  o.s.d.r.config.RepositoryConfigurationDelegate - Finished Spring Data repository scanning in 30 ms. Found 48 JPA repository interfaces.
2026-09-07 10:21:10.767 [restartedMain] INFO  o.s.d.r.config.RepositoryConfigurationDelegate - Multiple Spring Data modules found, entering strict repository configuration mode
2026-09-07 10:21:10.767 [restartedMain] INFO  o.s.d.r.config.RepositoryConfigurationDelegate - Bootstrapping Spring Data Redis repositories in DEFAULT mode.
2026-09-07 10:21:10.775 [restartedMain] INFO  o.s.d.r.c.RepositoryConfigurationExtensionSupport - Spring Data Redis - Could not safely identify store assignment for repository candidate interface com.chronos.Idao.IAuditLogRepository; If you want this repository to be a Redis repository, consider annotating your entities with one of these annotations: org.springframework.data.redis.core.RedisHash (preferred), or consider extending one of the following types with your repository: org.springframework.data.keyvalue.repository.KeyValueRepository
2026-09-07 10:21:10.775 [restartedMain] INFO  o.s.d.r.c.RepositoryConfigurationExtensionSupport - Spring Data Redis - Could not safely identify store assignment for repository candidate interface com.chronos.Idao.IAdminUserRepository; If you want this repository to be a Redis repository, consider annotating your entities with one of these annotations: org.springframework.data.redis.core.RedisHash (preferred), or consider extending one of the following types with your repository: org.springframework.data.keyvalue.repository.KeyValueRepository
2026-09-07 10:21:10.775 [restartedMain] INFO  o.s.d.r.c.RepositoryConfigurationExtensionSupport - Spring Data Redis - Could not safely identify store assignment for repository candidate interface com.chronos.Idao.IConsumerUserRepository; If you want this repository to be a Redis repository, consider annotating your entities with one of these annotations: org.springframework.data.redis.core.RedisHash (preferred), or consider extending one of the following types with your repository: org.springframework.data.keyvalue.repository.KeyValueRepository
2026-09-07 10:21:10.775 [restartedMain] INFO  o.s.d.r.c.RepositoryConfigurationExtensionSupport - Spring Data Redis - Could not safely identify store assignment for repository candidate interface com.chronos.Idao.IDictRepository; If you want this repository to be a Redis repository, consider annotating your entities with one of these annotations: org.springframework.data.redis.core.RedisHash (preferred), or consider extending one of the following types with your repository: org.springframework.data.keyvalue.repository.KeyValueRepository
2026-09-07 10:21:10.776 [restartedMain] INFO  o.s.d.r.c.RepositoryConfigurationExtensionSupport - Spring Data Redis - Could not safely identify store assignment for repository candidate interface com.chronos.Idao.IEmployeeAssignmentRepository; If you want this repository to be a Redis repository, consider annotating your entities with one of these annotations: org.springframework.data.redis.core.RedisHash (preferred), or consider extending one of the following types with your repository: org.springframework.data.keyvalue.repository.KeyValueRepository
2026-09-07 10:21:10.776 [restartedMain] INFO  o.s.d.r.c.RepositoryConfigurationExtensionSupport - Spring Data Redis - Could not safely identify store assignment for repository candidate interface com.chronos.Idao.IEmployeeRepository; If you want this repository to be a Redis repository, consider annotating your entities with one of these annotations: org.springframework.data.redis.core.RedisHash (preferred), or consider extending one of the following types with your repository: org.springframework.data.keyvalue.repository.KeyValueRepository
2026-09-07 10:21:10.776 [restartedMain] INFO  o.s.d.r.c.RepositoryConfigurationExtensionSupport - Spring Data Redis - Could not safely identify store assignment for repository candidate interface com.chronos.Idao.IJobLevelRepository; If you want this repository to be a Redis repository, consider annotating your entities with one of these annotations: org.springframework.data.redis.core.RedisHash (preferred), or consider extending one of the following types with your repository: org.springframework.data.keyvalue.repository.KeyValueRepository
2026-09-07 10:21:10.776 [restartedMain] INFO  o.s.d.r.c.RepositoryConfigurationExtensionSupport - Spring Data Redis - Could not safely identify store assignment for repository candidate interface com.chronos.Idao.IJobTitleRepository; If you want this repository to be a Redis repository, consider annotating your entities with one of these annotations: org.springframework.data.redis.core.RedisHash (preferred), or consider extending one of the following types with your repository: org.springframework.data.keyvalue.repository.KeyValueRepository
2026-09-07 10:21:10.776 [restartedMain] INFO  o.s.d.r.c.RepositoryConfigurationExtensionSupport - Spring Data Redis - Could not safely identify store assignment for repository candidate interface com.chronos.Idao.IMenuRepository; If you want this repository to be a Redis repository, consider annotating your entities with one of these annotations: org.springframework.data.redis.core.RedisHash (preferred), or consider extending one of the following types with your repository: org.springframework.data.keyvalue.repository.KeyValueRepository
2026-09-07 10:21:10.776 [restartedMain] INFO  o.s.d.r.c.RepositoryConfigurationExtensionSupport - Spring Data Redis - Could not safely identify store assignment for repository candidate interface com.chronos.Idao.IOrganizationRepository; If you want this repository to be a Redis repository, consider annotating your entities with one of these annotations: org.springframework.data.redis.core.RedisHash (preferred), or consider extending one of the following types with your repository: org.springframework.data.keyvalue.repository.KeyValueRepository
2026-09-07 10:21:10.776 [restartedMain] INFO  o.s.d.r.c.RepositoryConfigurationExtensionSupport - Spring Data Redis - Could not safely identify store assignment for repository candidate interface com.chronos.Idao.IOrganizationUnitRepository; If you want this repository to be a Redis repository, consider annotating your entities with one of these annotations: org.springframework.data.redis.core.RedisHash (preferred), or consider extending one of the following types with your repository: org.springframework.data.keyvalue.repository.KeyValueRepository
2026-09-07 10:21:10.776 [restartedMain] INFO  o.s.d.r.c.RepositoryConfigurationExtensionSupport - Spring Data Redis - Could not safely identify store assignment for repository candidate interface com.chronos.Idao.IPermissionRepository; If you want this repository to be a Redis repository, consider annotating your entities with one of these annotations: org.springframework.data.redis.core.RedisHash (preferred), or consider extending one of the following types with your repository: org.springframework.data.keyvalue.repository.KeyValueRepository
2026-09-07 10:21:10.776 [restartedMain] INFO  o.s.d.r.c.RepositoryConfigurationExtensionSupport - Spring Data Redis - Could not safely identify store assignment for repository candidate interface com.chronos.Idao.IPortalApplicationRepository; If you want this repository to be a Redis repository, consider annotating your entities with one of these annotations: org.springframework.data.redis.core.RedisHash (preferred), or consider extending one of the following types with your repository: org.springframework.data.keyvalue.repository.KeyValueRepository
2026-09-07 10:21:10.776 [restartedMain] INFO  o.s.d.r.c.RepositoryConfigurationExtensionSupport - Spring Data Redis - Could not safely identify store assignment for repository candidate interface com.chronos.Idao.IPortalWidgetRepository; If you want this repository to be a Redis repository, consider annotating your entities with one of these annotations: org.springframework.data.redis.core.RedisHash (preferred), or consider extending one of the following types with your repository: org.springframework.data.keyvalue.repository.KeyValueRepository
2026-09-07 10:21:10.776 [restartedMain] INFO  o.s.d.r.c.RepositoryConfigurationExtensionSupport - Spring Data Redis - Could not safely identify store assignment for repository candidate interface com.chronos.Idao.IPositionRepository; If you want this repository to be a Redis repository, consider annotating your entities with one of these annotations: org.springframework.data.redis.core.RedisHash (preferred), or consider extending one of the following types with your repository: org.springframework.data.keyvalue.repository.KeyValueRepository
2026-09-07 10:21:10.776 [restartedMain] INFO  o.s.d.r.c.RepositoryConfigurationExtensionSupport - Spring Data Redis - Could not safely identify store assignment for repository candidate interface com.chronos.Idao.IRefreshTokenRepository; If you want this repository to be a Redis repository, consider annotating your entities with one of these annotations: org.springframework.data.redis.core.RedisHash (preferred), or consider extending one of the following types with your repository: org.springframework.data.keyvalue.repository.KeyValueRepository
2026-09-07 10:21:10.776 [restartedMain] INFO  o.s.d.r.c.RepositoryConfigurationExtensionSupport - Spring Data Redis - Could not safely identify store assignment for repository candidate interface com.chronos.Idao.IRoleDataScopeRepository; If you want this repository to be a Redis repository, consider annotating your entities with one of these annotations: org.springframework.data.redis.core.RedisHash (preferred), or consider extending one of the following types with your repository: org.springframework.data.keyvalue.repository.KeyValueRepository
2026-09-07 10:21:10.776 [restartedMain] INFO  o.s.d.r.c.RepositoryConfigurationExtensionSupport - Spring Data Redis - Could not safely identify store assignment for repository candidate interface com.chronos.Idao.IRoleMenuPermissionRepository; If you want this repository to be a Redis repository, consider annotating your entities with one of these annotations: org.springframework.data.redis.core.RedisHash (preferred), or consider extending one of the following types with your repository: org.springframework.data.keyvalue.repository.KeyValueRepository
2026-09-07 10:21:10.776 [restartedMain] INFO  o.s.d.r.c.RepositoryConfigurationExtensionSupport - Spring Data Redis - Could not safely identify store assignment for repository candidate interface com.chronos.Idao.IRolePermissionRepository; If you want this repository to be a Redis repository, consider annotating your entities with one of these annotations: org.springframework.data.redis.core.RedisHash (preferred), or consider extending one of the following types with your repository: org.springframework.data.keyvalue.repository.KeyValueRepository
2026-09-07 10:21:10.776 [restartedMain] INFO  o.s.d.r.c.RepositoryConfigurationExtensionSupport - Spring Data Redis - Could not safely identify store assignment for repository candidate interface com.chronos.Idao.IRoleRepository; If you want this repository to be a Redis repository, consider annotating your entities with one of these annotations: org.springframework.data.redis.core.RedisHash (preferred), or consider extending one of the following types with your repository: org.springframework.data.keyvalue.repository.KeyValueRepository
2026-09-07 10:21:10.776 [restartedMain] INFO  o.s.d.r.c.RepositoryConfigurationExtensionSupport - Spring Data Redis - Could not safely identify store assignment for repository candidate interface com.chronos.Idao.IUserPortalApplicationRepository; If you want this repository to be a Redis repository, consider annotating your entities with one of these annotations: org.springframework.data.redis.core.RedisHash (preferred), or consider extending one of the following types with your repository: org.springframework.data.keyvalue.repository.KeyValueRepository
2026-09-07 10:21:10.776 [restartedMain] INFO  o.s.d.r.c.RepositoryConfigurationExtensionSupport - Spring Data Redis - Could not safely identify store assignment for repository candidate interface com.chronos.Idao.IUserPortalPreferenceRepository; If you want this repository to be a Redis repository, consider annotating your entities with one of these annotations: org.springframework.data.redis.core.RedisHash (preferred), or consider extending one of the following types with your repository: org.springframework.data.keyvalue.repository.KeyValueRepository
2026-09-07 10:21:10.776 [restartedMain] INFO  o.s.d.r.c.RepositoryConfigurationExtensionSupport - Spring Data Redis - Could not safely identify store assignment for repository candidate interface com.chronos.Idao.form.IFormDefinitionRepository; If you want this repository to be a Redis repository, consider annotating your entities with one of these annotations: org.springframework.data.redis.core.RedisHash (preferred), or consider extending one of the following types with your repository: org.springframework.data.keyvalue.repository.KeyValueRepository
2026-09-07 10:21:10.776 [restartedMain] INFO  o.s.d.r.c.RepositoryConfigurationExtensionSupport - Spring Data Redis - Could not safely identify store assignment for repository candidate interface com.chronos.Idao.form.IFormFieldRepository; If you want this repository to be a Redis repository, consider annotating your entities with one of these annotations: org.springframework.data.redis.core.RedisHash (preferred), or consider extending one of the following types with your repository: org.springframework.data.keyvalue.repository.KeyValueRepository
2026-09-07 10:21:10.776 [restartedMain] INFO  o.s.d.r.c.RepositoryConfigurationExtensionSupport - Spring Data Redis - Could not safely identify store assignment for repository candidate interface com.chronos.Idao.form.IFormInstanceRepository; If you want this repository to be a Redis repository, consider annotating your entities with one of these annotations: org.springframework.data.redis.core.RedisHash (preferred), or consider extending one of the following types with your repository: org.springframework.data.keyvalue.repository.KeyValueRepository
2026-09-07 10:21:10.776 [restartedMain] INFO  o.s.d.r.c.RepositoryConfigurationExtensionSupport - Spring Data Redis - Could not safely identify store assignment for repository candidate interface com.chronos.Idao.workflow.IWorkflowAiSettingRepository; If you want this repository to be a Redis repository, consider annotating your entities with one of these annotations: org.springframework.data.redis.core.RedisHash (preferred), or consider extending one of the following types with your repository: org.springframework.data.keyvalue.repository.KeyValueRepository
2026-09-07 10:21:10.776 [restartedMain] INFO  o.s.d.r.c.RepositoryConfigurationExtensionSupport - Spring Data Redis - Could not safely identify store assignment for repository candidate interface com.chronos.Idao.workflow.IWorkflowDefinitionAclRepository; If you want this repository to be a Redis repository, consider annotating your entities with one of these annotations: org.springframework.data.redis.core.RedisHash (preferred), or consider extending one of the following types with your repository: org.springframework.data.keyvalue.repository.KeyValueRepository
2026-09-07 10:21:10.777 [restartedMain] INFO  o.s.d.r.c.RepositoryConfigurationExtensionSupport - Spring Data Redis - Could not safely identify store assignment for repository candidate interface com.chronos.Idao.workflow.IWorkflowDefinitionRepository; If you want this repository to be a Redis repository, consider annotating your entities with one of these annotations: org.springframework.data.redis.core.RedisHash (preferred), or consider extending one of the following types with your repository: org.springframework.data.keyvalue.repository.KeyValueRepository
2026-09-07 10:21:10.777 [restartedMain] INFO  o.s.d.r.c.RepositoryConfigurationExtensionSupport - Spring Data Redis - Could not safely identify store assignment for repository candidate interface com.chronos.Idao.workflow.IWorkflowDelegationRepository; If you want this repository to be a Redis repository, consider annotating your entities with one of these annotations: org.springframework.data.redis.core.RedisHash (preferred), or consider extending one of the following types with your repository: org.springframework.data.keyvalue.repository.KeyValueRepository
2026-09-07 10:21:10.777 [restartedMain] INFO  o.s.d.r.c.RepositoryConfigurationExtensionSupport - Spring Data Redis - Could not safely identify store assignment for repository candidate interface com.chronos.Idao.workflow.IWorkflowEdgeRepository; If you want this repository to be a Redis repository, consider annotating your entities with one of these annotations: org.springframework.data.redis.core.RedisHash (preferred), or consider extending one of the following types with your repository: org.springframework.data.keyvalue.repository.KeyValueRepository
2026-09-07 10:21:10.777 [restartedMain] INFO  o.s.d.r.c.RepositoryConfigurationExtensionSupport - Spring Data Redis - Could not safely identify store assignment for repository candidate interface com.chronos.Idao.workflow.IWorkflowExecutionLogRepository; If you want this repository to be a Redis repository, consider annotating your entities with one of these annotations: org.springframework.data.redis.core.RedisHash (preferred), or consider extending one of the following types with your repository: org.springframework.data.keyvalue.repository.KeyValueRepository
2026-09-07 10:21:10.777 [restartedMain] INFO  o.s.d.r.c.RepositoryConfigurationExtensionSupport - Spring Data Redis - Could not safely identify store assignment for repository candidate interface com.chronos.Idao.workflow.IWorkflowIdempotencyRepository; If you want this repository to be a Redis repository, consider annotating your entities with one of these annotations: org.springframework.data.redis.core.RedisHash (preferred), or consider extending one of the following types with your repository: org.springframework.data.keyvalue.repository.KeyValueRepository
2026-09-07 10:21:10.777 [restartedMain] INFO  o.s.d.r.c.RepositoryConfigurationExtensionSupport - Spring Data Redis - Could not safely identify store assignment for repository candidate interface com.chronos.Idao.workflow.IWorkflowIncidentRepository; If you want this repository to be a Redis repository, consider annotating your entities with one of these annotations: org.springframework.data.redis.core.RedisHash (preferred), or consider extending one of the following types with your repository: org.springframework.data.keyvalue.repository.KeyValueRepository
2026-09-07 10:21:10.777 [restartedMain] INFO  o.s.d.r.c.RepositoryConfigurationExtensionSupport - Spring Data Redis - Could not safely identify store assignment for repository candidate interface com.chronos.Idao.workflow.IWorkflowInstanceParticipantRepository; If you want this repository to be a Redis repository, consider annotating your entities with one of these annotations: org.springframework.data.redis.core.RedisHash (preferred), or consider extending one of the following types with your repository: org.springframework.data.keyvalue.repository.KeyValueRepository
2026-09-07 10:21:10.777 [restartedMain] INFO  o.s.d.r.c.RepositoryConfigurationExtensionSupport - Spring Data Redis - Could not safely identify store assignment for repository candidate interface com.chronos.Idao.workflow.IWorkflowInstanceRepository; If you want this repository to be a Redis repository, consider annotating your entities with one of these annotations: org.springframework.data.redis.core.RedisHash (preferred), or consider extending one of the following types with your repository: org.springframework.data.keyvalue.repository.KeyValueRepository
2026-09-07 10:21:10.777 [restartedMain] INFO  o.s.d.r.c.RepositoryConfigurationExtensionSupport - Spring Data Redis - Could not safely identify store assignment for repository candidate interface com.chronos.Idao.workflow.IWorkflowNodeRepository; If you want this repository to be a Redis repository, consider annotating your entities with one of these annotations: org.springframework.data.redis.core.RedisHash (preferred), or consider extending one of the following types with your repository: org.springframework.data.keyvalue.repository.KeyValueRepository
2026-09-07 10:21:10.777 [restartedMain] INFO  o.s.d.r.c.RepositoryConfigurationExtensionSupport - Spring Data Redis - Could not safely identify store assignment for repository candidate interface com.chronos.Idao.workflow.IWorkflowNotificationRepository; If you want this repository to be a Redis repository, consider annotating your entities with one of these annotations: org.springframework.data.redis.core.RedisHash (preferred), or consider extending one of the following types with your repository: org.springframework.data.keyvalue.repository.KeyValueRepository
2026-09-07 10:21:10.777 [restartedMain] INFO  o.s.d.r.c.RepositoryConfigurationExtensionSupport - Spring Data Redis - Could not safely identify store assignment for repository candidate interface com.chronos.Idao.workflow.IWorkflowOutboxRepository; If you want this repository to be a Redis repository, consider annotating your entities with one of these annotations: org.springframework.data.redis.core.RedisHash (preferred), or consider extending one of the following types with your repository: org.springframework.data.keyvalue.repository.KeyValueRepository
2026-09-07 10:21:10.777 [restartedMain] INFO  o.s.d.r.c.RepositoryConfigurationExtensionSupport - Spring Data Redis - Could not safely identify store assignment for repository candidate interface com.chronos.Idao.workflow.IWorkflowReviewRepository; If you want this repository to be a Redis repository, consider annotating your entities with one of these annotations: org.springframework.data.redis.core.RedisHash (preferred), or consider extending one of the following types with your repository: org.springframework.data.keyvalue.repository.KeyValueRepository
2026-09-07 10:21:10.777 [restartedMain] INFO  o.s.d.r.c.RepositoryConfigurationExtensionSupport - Spring Data Redis - Could not safely identify store assignment for repository candidate interface com.chronos.Idao.workflow.IWorkflowTaskCandidateRepository; If you want this repository to be a Redis repository, consider annotating your entities with one of these annotations: org.springframework.data.redis.core.RedisHash (preferred), or consider extending one of the following types with your repository: org.springframework.data.keyvalue.repository.KeyValueRepository
2026-09-07 10:21:10.777 [restartedMain] INFO  o.s.d.r.c.RepositoryConfigurationExtensionSupport - Spring Data Redis - Could not safely identify store assignment for repository candidate interface com.chronos.Idao.workflow.IWorkflowTaskRepository; If you want this repository to be a Redis repository, consider annotating your entities with one of these annotations: org.springframework.data.redis.core.RedisHash (preferred), or consider extending one of the following types with your repository: org.springframework.data.keyvalue.repository.KeyValueRepository
2026-09-07 10:21:10.777 [restartedMain] INFO  o.s.d.r.c.RepositoryConfigurationExtensionSupport - Spring Data Redis - Could not safely identify store assignment for repository candidate interface com.chronos.message.Idao.IPublicationAttachmentRepository; If you want this repository to be a Redis repository, consider annotating your entities with one of these annotations: org.springframework.data.redis.core.RedisHash (preferred), or consider extending one of the following types with your repository: org.springframework.data.keyvalue.repository.KeyValueRepository
2026-09-07 10:21:10.777 [restartedMain] INFO  o.s.d.r.c.RepositoryConfigurationExtensionSupport - Spring Data Redis - Could not safely identify store assignment for repository candidate interface com.chronos.message.Idao.IPublicationAudienceRepository; If you want this repository to be a Redis repository, consider annotating your entities with one of these annotations: org.springframework.data.redis.core.RedisHash (preferred), or consider extending one of the following types with your repository: org.springframework.data.keyvalue.repository.KeyValueRepository
2026-09-07 10:21:10.777 [restartedMain] INFO  o.s.d.r.c.RepositoryConfigurationExtensionSupport - Spring Data Redis - Could not safely identify store assignment for repository candidate interface com.chronos.message.Idao.IPublicationDeliveryRepository; If you want this repository to be a Redis repository, consider annotating your entities with one of these annotations: org.springframework.data.redis.core.RedisHash (preferred), or consider extending one of the following types with your repository: org.springframework.data.keyvalue.repository.KeyValueRepository
2026-09-07 10:21:10.777 [restartedMain] INFO  o.s.d.r.c.RepositoryConfigurationExtensionSupport - Spring Data Redis - Could not safely identify store assignment for repository candidate interface com.chronos.message.Idao.IPublicationReadRepository; If you want this repository to be a Redis repository, consider annotating your entities with one of these annotations: org.springframework.data.redis.core.RedisHash (preferred), or consider extending one of the following types with your repository: org.springframework.data.keyvalue.repository.KeyValueRepository
2026-09-07 10:21:10.777 [restartedMain] INFO  o.s.d.r.c.RepositoryConfigurationExtensionSupport - Spring Data Redis - Could not safely identify store assignment for repository candidate interface com.chronos.message.Idao.IPublicationRecipientRepository; If you want this repository to be a Redis repository, consider annotating your entities with one of these annotations: org.springframework.data.redis.core.RedisHash (preferred), or consider extending one of the following types with your repository: org.springframework.data.keyvalue.repository.KeyValueRepository
2026-09-07 10:21:10.777 [restartedMain] INFO  o.s.d.r.c.RepositoryConfigurationExtensionSupport - Spring Data Redis - Could not safely identify store assignment for repository candidate interface com.chronos.message.Idao.IPublicationRepository; If you want this repository to be a Redis repository, consider annotating your entities with one of these annotations: org.springframework.data.redis.core.RedisHash (preferred), or consider extending one of the following types with your repository: org.springframework.data.keyvalue.repository.KeyValueRepository
2026-09-07 10:21:10.777 [restartedMain] INFO  o.s.d.r.c.RepositoryConfigurationExtensionSupport - Spring Data Redis - Could not safely identify store assignment for repository candidate interface com.chronos.message.Idao.IPublicationVersionRepository; If you want this repository to be a Redis repository, consider annotating your entities with one of these annotations: org.springframework.data.redis.core.RedisHash (preferred), or consider extending one of the following types with your repository: org.springframework.data.keyvalue.repository.KeyValueRepository
2026-09-07 10:21:10.777 [restartedMain] INFO  o.s.d.r.config.RepositoryConfigurationDelegate - Finished Spring Data repository scanning in 9 ms. Found 0 Redis repository interfaces.
2026-09-07 10:21:10.877 [restartedMain] INFO  org.springframework.boot.tomcat.TomcatWebServer - Tomcat initialized with port 8080 (http)
2026-09-07 10:21:10.877 [restartedMain] INFO  org.apache.coyote.http11.Http11NioProtocol - Initializing ProtocolHandler ["http-nio-8080"]
2026-09-07 10:21:10.877 [restartedMain] INFO  org.apache.catalina.core.StandardService - Starting service [Tomcat]
2026-09-07 10:21:10.877 [restartedMain] INFO  org.apache.catalina.core.StandardEngine - Starting Servlet engine: [Apache Tomcat/11.0.22]
2026-09-07 10:21:10.889 [restartedMain] INFO  o.s.b.w.c.servlet.WebApplicationContextInitializer - Root WebApplicationContext: initialization completed in 366 ms
2026-09-07 10:21:10.951 [restartedMain] INFO  org.hibernate.orm.jpa - HHH008540: Processing PersistenceUnitInfo [name: default]
2026-09-07 10:21:10.980 [restartedMain] INFO  o.s.o.j.persistenceunit.SpringPersistenceUnitInfo - No LoadTimeWeaver setup: ignoring JPA class transformer
2026-09-07 10:21:10.982 [restartedMain] INFO  com.alibaba.druid.pool.DruidDataSource - {dataSource-3} inited
2026-09-07 10:21:11.001 [restartedMain] WARN  org.hibernate.orm.deprecation - HHH90000025: PostgreSQLDialect does not need to be specified explicitly using 'hibernate.dialect' (remove the property setting and it will be selected by default)
2026-09-07 10:21:11.004 [restartedMain] INFO  org.hibernate.orm.connections.pooling - HHH10001005: Database info:
	Database JDBC URL [jdbc:postgresql://localhost:5432/Chronos]
	Database driver: PostgreSQL JDBC Driver
	Database dialect: PostgreSQLDialect
	Database version: 17.10
	Default catalog/schema: Chronos/public
	Autocommit mode: undefined/unknown
	Isolation level: READ_COMMITTED [default READ_COMMITTED]
	JDBC fetch size: none
	Pool: DataSourceConnectionProvider
	Minimum pool size: undefined/unknown
	Maximum pool size: undefined/unknown
2026-09-07 10:21:11.402 [restartedMain] INFO  org.hibernate.orm.core - HHH000489: No JTA platform available (set 'hibernate.transaction.jta.platform' to enable JTA platform integration)
2026-09-07 10:21:11.449 [restartedMain] INFO  o.s.orm.jpa.LocalContainerEntityManagerFactoryBean - Initialized JPA EntityManagerFactory for persistence unit 'default'
2026-09-07 10:21:11.778 [restartedMain] INFO  o.f.s.b.e.EventRegistryAutoConfiguration - No deployment resources were found for autodeployment
2026-09-07 10:21:11.836 [restartedMain] INFO  o.f.spring.boot.ProcessEngineAutoConfiguration - No deployment resources were found for autodeployment
2026-09-07 10:21:11.842 [restartedMain] INFO  o.f.c.engine.impl.async.DefaultAsyncTaskExecutor - Creating thread pool queue of size 100
2026-09-07 10:21:11.842 [restartedMain] INFO  o.f.c.engine.impl.async.DefaultAsyncTaskExecutor - Creating thread factory with naming pattern flowable-async-task-invoker-%d
2026-09-07 10:21:11.842 [restartedMain] INFO  o.f.c.engine.impl.async.DefaultAsyncTaskExecutor - Creating executor service with corePoolSize 8, maxPoolSize 8 and keepAliveTime 5000
2026-09-07 10:21:11.919 [restartedMain] INFO  o.flowable.spring.SpringProcessEngineConfiguration - Found 2 Engine Configurators in total:
2026-09-07 10:21:11.919 [restartedMain] INFO  o.flowable.spring.SpringProcessEngineConfiguration - class org.flowable.eventregistry.spring.configurator.SpringEventRegistryConfigurator (priority:100000)
2026-09-07 10:21:11.919 [restartedMain] INFO  o.flowable.spring.SpringProcessEngineConfiguration - class org.flowable.idm.engine.configurator.IdmEngineConfigurator (priority:150000)
2026-09-07 10:21:11.919 [restartedMain] INFO  o.flowable.spring.SpringProcessEngineConfiguration - Executing beforeInit() of class org.flowable.eventregistry.spring.configurator.SpringEventRegistryConfigurator (priority:100000)
2026-09-07 10:21:11.920 [restartedMain] INFO  o.flowable.spring.SpringProcessEngineConfiguration - Executing beforeInit() of class org.flowable.idm.engine.configurator.IdmEngineConfigurator (priority:150000)
2026-09-07 10:21:12.082 [restartedMain] INFO  o.flowable.spring.SpringProcessEngineConfiguration - Executing configure() of class org.flowable.eventregistry.spring.configurator.SpringEventRegistryConfigurator (priority:100000)
2026-09-07 10:21:12.083 [restartedMain] INFO  o.f.eventregistry.impl.EventRegistryEngineImpl - EventRegistryEngine default created
2026-09-07 10:21:12.083 [restartedMain] INFO  o.flowable.spring.SpringProcessEngineConfiguration - Executing configure() of class org.flowable.idm.engine.configurator.IdmEngineConfigurator (priority:150000)
2026-09-07 10:21:12.083 [restartedMain] INFO  org.flowable.idm.engine.impl.IdmEngineImpl - IdmEngine default created
2026-09-07 10:21:12.097 [restartedMain] INFO  org.flowable.engine.impl.ProcessEngineImpl - ProcessEngine default created
2026-09-07 10:21:12.098 [restartedMain] INFO  o.flowable.engine.impl.cmd.ValidateV5EntitiesCmd - Total of v5 deployments found: 0
2026-09-07 10:21:12.384 [restartedMain] INFO  o.s.s.c.a.a.c.InitializeUserDetailsBeanManagerConfigurer$InitializeUserDetailsManagerConfigurer - Global AuthenticationManager configured with UserDetailsService bean with name adminUserDetailsService
2026-09-07 10:21:12.753 [restartedMain] INFO  o.s.s.q.SchedulerFactoryBean$LocalSchedulerFactory - Using default implementation for ThreadExecutor
2026-09-07 10:21:12.753 [restartedMain] INFO  org.quartz.core.SchedulerSignalerImpl - Initialized Scheduler Signaller of type: class org.quartz.core.SchedulerSignalerImpl
2026-09-07 10:21:12.753 [restartedMain] INFO  org.quartz.core.QuartzScheduler - Quartz Scheduler v2.5.2 created.
2026-09-07 10:21:12.753 [restartedMain] INFO  org.quartz.simpl.RAMJobStore - RAMJobStore initialized.
2026-09-07 10:21:12.753 [restartedMain] INFO  org.quartz.core.QuartzScheduler - Scheduler meta-data: Quartz Scheduler (v2.5.2) 'quartzScheduler' with instanceId 'NON_CLUSTERED'
  Scheduler class: 'org.quartz.core.QuartzScheduler' - running locally.
  NOT STARTED.
  Currently in standby mode.
  Number of jobs executed: 0
  Using thread pool 'org.quartz.simpl.SimpleThreadPool' - with 10 threads.
  Using job-store 'org.quartz.simpl.RAMJobStore' - which does not support persistence. and is not clustered.

2026-09-07 10:21:12.753 [restartedMain] INFO  o.s.s.q.SchedulerFactoryBean$LocalSchedulerFactory - Quartz scheduler 'quartzScheduler' initialized from an externally provided properties instance.
2026-09-07 10:21:12.753 [restartedMain] INFO  o.s.s.q.SchedulerFactoryBean$LocalSchedulerFactory - Quartz scheduler version: 2.5.2
2026-09-07 10:21:12.753 [restartedMain] INFO  org.quartz.core.QuartzScheduler - JobFactory set to: org.springframework.scheduling.quartz.SpringBeanJobFactory@615ff9d0
2026-09-07 10:21:12.786 [restartedMain] INFO  o.f.j.s.impl.asyncexecutor.AbstractAsyncExecutor - Starting up the async job executor [org.flowable.spring.job.service.SpringAsyncExecutor] for engine bpmn
2026-09-07 10:21:12.791 [Thread-64] INFO  o.f.j.s.i.a.AcquireAsyncJobsDueRunnable - starting to acquire async jobs due for engine bpmn
2026-09-07 10:21:12.791 [Thread-66] INFO  o.f.j.s.i.asyncexecutor.ResetExpiredJobsRunnable - starting to reset expired jobs for engine bpmn
2026-09-07 10:21:12.791 [restartedMain] INFO  org.apache.coyote.http11.Http11NioProtocol - Starting ProtocolHandler ["http-nio-8080"]
2026-09-07 10:21:12.791 [Thread-65] INFO  o.f.j.s.i.asyncexecutor.AcquireTimerJobsRunnable - starting to acquire async jobs due for engine bpmn
2026-09-07 10:21:12.792 [restartedMain] INFO  org.springframework.boot.tomcat.TomcatWebServer - Tomcat started on port 8080 (http) with context path '/'
2026-09-07 10:21:12.792 [restartedMain] INFO  o.s.scheduling.quartz.SchedulerFactoryBean - Starting Quartz Scheduler now
2026-09-07 10:21:12.792 [restartedMain] INFO  org.quartz.core.QuartzScheduler - Scheduler quartzScheduler_$_NON_CLUSTERED started.
2026-09-07 10:21:12.795 [restartedMain] INFO  com.chronos.ChronosApplication - Started ChronosApplication in 2.288 seconds (process running for 1903.983)
2026-09-07 10:21:13.108 [restartedMain] INFO  o.s.b.d.a.ConditionEvaluationDeltaLoggingListener - Condition evaluation unchanged
2026-09-07 10:23:29.153 [http-nio-8080-exec-1] INFO  o.a.c.core.ContainerBase.[Tomcat].[localhost].[/] - Initializing Spring DispatcherServlet 'dispatcherServlet'
2026-09-07 10:23:29.154 [http-nio-8080-exec-1] INFO  org.springframework.web.servlet.DispatcherServlet - Initializing Servlet 'dispatcherServlet'
2026-09-07 10:23:29.158 [http-nio-8080-exec-1] INFO  org.springframework.web.servlet.DispatcherServlet - Completed initialization in 4 ms
2026-09-07 11:25:19.279 [http-nio-8080-exec-2] WARN  o.s.w.s.m.m.a.ExceptionHandlerExceptionResolver - Resolved [org.springframework.web.servlet.resource.NoResourceFoundException: No static resource public/industry/context for request '/public/industry/context'.]
2026-09-07 11:25:19.381 [http-nio-8080-exec-9] WARN  o.s.d.w.c.SpringDataJackson3Configuration$PageModule$WarningLoggingModifier - Serializing PageImpl instances as-is is not supported, meaning that there is no guarantee about the stability of the resulting JSON structure!
	For a stable JSON structure, please use Spring Data's PagedModel (globally via @EnableSpringDataWebSupport(pageSerializationMode = VIA_DTO))
	or Spring HATEOAS and Spring Data's PagedResourcesAssembler as documented in https://docs.spring.io/spring-data/commons/reference/repositories/core-extensions.html#core.web.pageables.

2026-09-07 11:25:20.140 [http-nio-8080-exec-4] WARN  o.s.w.s.m.m.a.ExceptionHandlerExceptionResolver - Resolved [org.springframework.web.servlet.resource.NoResourceFoundException: No static resource public/industry/context for request '/public/industry/context'.]
2026-09-07 11:26:59.131 [http-nio-8080-exec-10] WARN  o.s.w.s.m.m.a.ExceptionHandlerExceptionResolver - Resolved [org.springframework.web.servlet.resource.NoResourceFoundException: No static resource public/industry/context for request '/public/industry/context'.]
2026-09-07 11:26:59.159 [http-nio-8080-exec-6] WARN  o.s.w.s.m.m.a.ExceptionHandlerExceptionResolver - Resolved [org.springframework.web.servlet.resource.NoResourceFoundException: No static resource public/industry/context for request '/public/industry/context'.]
2026-09-07 11:29:24.091 [RMI TCP Connection(128)-127.0.0.1] INFO  o.s.b.a.SpringApplicationAdminMXBeanRegistrar$SpringApplicationAdmin - Application shutdown requested.
2026-09-07 11:29:24.092 [RMI TCP Connection(128)-127.0.0.1] INFO  org.quartz.core.QuartzScheduler - Scheduler quartzScheduler_$_NON_CLUSTERED paused.
2026-09-07 11:29:24.092 [RMI TCP Connection(128)-127.0.0.1] INFO  org.springframework.boot.tomcat.GracefulShutdown - Commencing graceful shutdown. Waiting for active requests to complete
2026-09-07 11:29:24.092 [tomcat-shutdown] INFO  org.apache.coyote.http11.Http11NioProtocol - Pausing ProtocolHandler ["http-nio-8080"]
2026-09-07 11:29:24.095 [tomcat-shutdown] INFO  org.springframework.boot.tomcat.GracefulShutdown - Graceful shutdown complete
2026-09-07 11:29:24.096 [RMI TCP Connection(128)-127.0.0.1] INFO  org.apache.coyote.http11.Http11NioProtocol - Stopping ProtocolHandler ["http-nio-8080"]
2026-09-07 11:29:24.098 [RMI TCP Connection(128)-127.0.0.1] INFO  o.s.scheduling.quartz.SchedulerFactoryBean - Shutting down Quartz Scheduler
2026-09-07 11:29:24.098 [RMI TCP Connection(128)-127.0.0.1] INFO  org.quartz.core.QuartzScheduler - Scheduler quartzScheduler_$_NON_CLUSTERED shutting down.
2026-09-07 11:29:24.098 [RMI TCP Connection(128)-127.0.0.1] INFO  org.quartz.core.QuartzScheduler - Scheduler quartzScheduler_$_NON_CLUSTERED paused.
2026-09-07 11:29:24.098 [RMI TCP Connection(128)-127.0.0.1] INFO  org.quartz.core.QuartzScheduler - Scheduler quartzScheduler_$_NON_CLUSTERED shutdown complete.
2026-09-07 11:29:24.101 [RMI TCP Connection(128)-127.0.0.1] INFO  o.f.j.s.impl.asyncexecutor.AbstractAsyncExecutor - Shutting down the async job executor [org.flowable.spring.job.service.SpringAsyncExecutor] for engine bpmn
2026-09-07 11:29:24.101 [flowable-bpmn-acquire-async-jobs] INFO  o.f.j.s.i.a.AcquireAsyncJobsDueRunnable - stopped async job due acquisition for engine bpmn
2026-09-07 11:29:24.101 [flowable-bpmn-acquire-timer-jobs] INFO  o.f.j.s.i.asyncexecutor.AcquireTimerJobsRunnable - stopped async job due acquisition for engine bpmn
2026-09-07 11:29:24.101 [flowable-bpmn-reset-expired-jobs] INFO  o.f.j.s.i.asyncexecutor.ResetExpiredJobsRunnable - stopped resetting expired jobs for engine bpmn
2026-09-07 11:29:24.111 [RMI TCP Connection(128)-127.0.0.1] INFO  o.s.orm.jpa.LocalContainerEntityManagerFactoryBean - Closing JPA EntityManagerFactory for persistence unit 'default'
2026-09-07 11:29:24.112 [RMI TCP Connection(128)-127.0.0.1] INFO  com.alibaba.druid.pool.DruidDataSource - {dataSource-3} closed
2026-09-07 13:28:43.601 [background-preinit] INFO  org.hibernate.validator.internal.util.Version - HV000001: Hibernate Validator 9.0.1.Final
2026-09-07 13:28:43.630 [restartedMain] INFO  com.chronos.ChronosApplication - Starting ChronosApplication using Java 25.0.3 with PID 44855 (/Users/gaomingchao/git/Chronos/Chronos/hospital-app/target/classes started by gaomingchao in /Users/gaomingchao/git/Chronos/Chronos/hospital-app)
2026-09-07 13:28:43.630 [restartedMain] INFO  com.chronos.ChronosApplication - No active profile set, falling back to 1 default profile: "default"
2026-09-07 13:28:43.661 [restartedMain] INFO  o.s.b.d.env.DevToolsPropertyDefaultsPostProcessor - Devtools property defaults active! Set 'spring.devtools.add-properties' to 'false' to disable
2026-09-07 13:28:43.661 [restartedMain] INFO  o.s.b.d.env.DevToolsPropertyDefaultsPostProcessor - For additional web related logging consider setting the 'logging.level.web' property to 'DEBUG'
2026-09-07 13:28:44.078 [restartedMain] INFO  o.s.d.r.config.RepositoryConfigurationDelegate - Multiple Spring Data modules found, entering strict repository configuration mode
2026-09-07 13:28:44.078 [restartedMain] INFO  o.s.d.r.config.RepositoryConfigurationDelegate - Bootstrapping Spring Data JPA repositories in DEFAULT mode.
2026-09-07 13:28:44.183 [restartedMain] INFO  o.s.d.r.config.RepositoryConfigurationDelegate - Finished Spring Data repository scanning in 100 ms. Found 49 JPA repository interfaces.
2026-09-07 13:28:44.343 [restartedMain] INFO  o.s.d.r.config.RepositoryConfigurationDelegate - Multiple Spring Data modules found, entering strict repository configuration mode
2026-09-07 13:28:44.344 [restartedMain] INFO  o.s.d.r.config.RepositoryConfigurationDelegate - Bootstrapping Spring Data Redis repositories in DEFAULT mode.
2026-09-07 13:28:44.360 [restartedMain] INFO  o.s.d.r.c.RepositoryConfigurationExtensionSupport - Spring Data Redis - Could not safely identify store assignment for repository candidate interface com.chronos.Idao.IAuditLogRepository; If you want this repository to be a Redis repository, consider annotating your entities with one of these annotations: org.springframework.data.redis.core.RedisHash (preferred), or consider extending one of the following types with your repository: org.springframework.data.keyvalue.repository.KeyValueRepository
2026-09-07 13:28:44.360 [restartedMain] INFO  o.s.d.r.c.RepositoryConfigurationExtensionSupport - Spring Data Redis - Could not safely identify store assignment for repository candidate interface com.chronos.Idao.IAdminUserRepository; If you want this repository to be a Redis repository, consider annotating your entities with one of these annotations: org.springframework.data.redis.core.RedisHash (preferred), or consider extending one of the following types with your repository: org.springframework.data.keyvalue.repository.KeyValueRepository
2026-09-07 13:28:44.361 [restartedMain] INFO  o.s.d.r.c.RepositoryConfigurationExtensionSupport - Spring Data Redis - Could not safely identify store assignment for repository candidate interface com.chronos.Idao.IConsumerUserRepository; If you want this repository to be a Redis repository, consider annotating your entities with one of these annotations: org.springframework.data.redis.core.RedisHash (preferred), or consider extending one of the following types with your repository: org.springframework.data.keyvalue.repository.KeyValueRepository
2026-09-07 13:28:44.361 [restartedMain] INFO  o.s.d.r.c.RepositoryConfigurationExtensionSupport - Spring Data Redis - Could not safely identify store assignment for repository candidate interface com.chronos.Idao.IDictRepository; If you want this repository to be a Redis repository, consider annotating your entities with one of these annotations: org.springframework.data.redis.core.RedisHash (preferred), or consider extending one of the following types with your repository: org.springframework.data.keyvalue.repository.KeyValueRepository
2026-09-07 13:28:44.361 [restartedMain] INFO  o.s.d.r.c.RepositoryConfigurationExtensionSupport - Spring Data Redis - Could not safely identify store assignment for repository candidate interface com.chronos.Idao.IEmployeeAssignmentRepository; If you want this repository to be a Redis repository, consider annotating your entities with one of these annotations: org.springframework.data.redis.core.RedisHash (preferred), or consider extending one of the following types with your repository: org.springframework.data.keyvalue.repository.KeyValueRepository
2026-09-07 13:28:44.361 [restartedMain] INFO  o.s.d.r.c.RepositoryConfigurationExtensionSupport - Spring Data Redis - Could not safely identify store assignment for repository candidate interface com.chronos.Idao.IEmployeeRepository; If you want this repository to be a Redis repository, consider annotating your entities with one of these annotations: org.springframework.data.redis.core.RedisHash (preferred), or consider extending one of the following types with your repository: org.springframework.data.keyvalue.repository.KeyValueRepository
2026-09-07 13:28:44.361 [restartedMain] INFO  o.s.d.r.c.RepositoryConfigurationExtensionSupport - Spring Data Redis - Could not safely identify store assignment for repository candidate interface com.chronos.Idao.IJobLevelRepository; If you want this repository to be a Redis repository, consider annotating your entities with one of these annotations: org.springframework.data.redis.core.RedisHash (preferred), or consider extending one of the following types with your repository: org.springframework.data.keyvalue.repository.KeyValueRepository
2026-09-07 13:28:44.361 [restartedMain] INFO  o.s.d.r.c.RepositoryConfigurationExtensionSupport - Spring Data Redis - Could not safely identify store assignment for repository candidate interface com.chronos.Idao.IJobTitleRepository; If you want this repository to be a Redis repository, consider annotating your entities with one of these annotations: org.springframework.data.redis.core.RedisHash (preferred), or consider extending one of the following types with your repository: org.springframework.data.keyvalue.repository.KeyValueRepository
2026-09-07 13:28:44.361 [restartedMain] INFO  o.s.d.r.c.RepositoryConfigurationExtensionSupport - Spring Data Redis - Could not safely identify store assignment for repository candidate interface com.chronos.Idao.IMenuRepository; If you want this repository to be a Redis repository, consider annotating your entities with one of these annotations: org.springframework.data.redis.core.RedisHash (preferred), or consider extending one of the following types with your repository: org.springframework.data.keyvalue.repository.KeyValueRepository
2026-09-07 13:28:44.361 [restartedMain] INFO  o.s.d.r.c.RepositoryConfigurationExtensionSupport - Spring Data Redis - Could not safely identify store assignment for repository candidate interface com.chronos.Idao.IOrganizationRepository; If you want this repository to be a Redis repository, consider annotating your entities with one of these annotations: org.springframework.data.redis.core.RedisHash (preferred), or consider extending one of the following types with your repository: org.springframework.data.keyvalue.repository.KeyValueRepository
2026-09-07 13:28:44.361 [restartedMain] INFO  o.s.d.r.c.RepositoryConfigurationExtensionSupport - Spring Data Redis - Could not safely identify store assignment for repository candidate interface com.chronos.Idao.IOrganizationUnitRepository; If you want this repository to be a Redis repository, consider annotating your entities with one of these annotations: org.springframework.data.redis.core.RedisHash (preferred), or consider extending one of the following types with your repository: org.springframework.data.keyvalue.repository.KeyValueRepository
2026-09-07 13:28:44.361 [restartedMain] INFO  o.s.d.r.c.RepositoryConfigurationExtensionSupport - Spring Data Redis - Could not safely identify store assignment for repository candidate interface com.chronos.Idao.IPermissionRepository; If you want this repository to be a Redis repository, consider annotating your entities with one of these annotations: org.springframework.data.redis.core.RedisHash (preferred), or consider extending one of the following types with your repository: org.springframework.data.keyvalue.repository.KeyValueRepository
2026-09-07 13:28:44.361 [restartedMain] INFO  o.s.d.r.c.RepositoryConfigurationExtensionSupport - Spring Data Redis - Could not safely identify store assignment for repository candidate interface com.chronos.Idao.IPortalApplicationRepository; If you want this repository to be a Redis repository, consider annotating your entities with one of these annotations: org.springframework.data.redis.core.RedisHash (preferred), or consider extending one of the following types with your repository: org.springframework.data.keyvalue.repository.KeyValueRepository
2026-09-07 13:28:44.361 [restartedMain] INFO  o.s.d.r.c.RepositoryConfigurationExtensionSupport - Spring Data Redis - Could not safely identify store assignment for repository candidate interface com.chronos.Idao.IPortalWidgetRepository; If you want this repository to be a Redis repository, consider annotating your entities with one of these annotations: org.springframework.data.redis.core.RedisHash (preferred), or consider extending one of the following types with your repository: org.springframework.data.keyvalue.repository.KeyValueRepository
2026-09-07 13:28:44.361 [restartedMain] INFO  o.s.d.r.c.RepositoryConfigurationExtensionSupport - Spring Data Redis - Could not safely identify store assignment for repository candidate interface com.chronos.Idao.IPositionRepository; If you want this repository to be a Redis repository, consider annotating your entities with one of these annotations: org.springframework.data.redis.core.RedisHash (preferred), or consider extending one of the following types with your repository: org.springframework.data.keyvalue.repository.KeyValueRepository
2026-09-07 13:28:44.361 [restartedMain] INFO  o.s.d.r.c.RepositoryConfigurationExtensionSupport - Spring Data Redis - Could not safely identify store assignment for repository candidate interface com.chronos.Idao.IRefreshTokenRepository; If you want this repository to be a Redis repository, consider annotating your entities with one of these annotations: org.springframework.data.redis.core.RedisHash (preferred), or consider extending one of the following types with your repository: org.springframework.data.keyvalue.repository.KeyValueRepository
2026-09-07 13:28:44.361 [restartedMain] INFO  o.s.d.r.c.RepositoryConfigurationExtensionSupport - Spring Data Redis - Could not safely identify store assignment for repository candidate interface com.chronos.Idao.IRoleDataScopeRepository; If you want this repository to be a Redis repository, consider annotating your entities with one of these annotations: org.springframework.data.redis.core.RedisHash (preferred), or consider extending one of the following types with your repository: org.springframework.data.keyvalue.repository.KeyValueRepository
2026-09-07 13:28:44.362 [restartedMain] INFO  o.s.d.r.c.RepositoryConfigurationExtensionSupport - Spring Data Redis - Could not safely identify store assignment for repository candidate interface com.chronos.Idao.IRoleMenuPermissionRepository; If you want this repository to be a Redis repository, consider annotating your entities with one of these annotations: org.springframework.data.redis.core.RedisHash (preferred), or consider extending one of the following types with your repository: org.springframework.data.keyvalue.repository.KeyValueRepository
2026-09-07 13:28:44.362 [restartedMain] INFO  o.s.d.r.c.RepositoryConfigurationExtensionSupport - Spring Data Redis - Could not safely identify store assignment for repository candidate interface com.chronos.Idao.IRolePermissionRepository; If you want this repository to be a Redis repository, consider annotating your entities with one of these annotations: org.springframework.data.redis.core.RedisHash (preferred), or consider extending one of the following types with your repository: org.springframework.data.keyvalue.repository.KeyValueRepository
2026-09-07 13:28:44.362 [restartedMain] INFO  o.s.d.r.c.RepositoryConfigurationExtensionSupport - Spring Data Redis - Could not safely identify store assignment for repository candidate interface com.chronos.Idao.IRoleRepository; If you want this repository to be a Redis repository, consider annotating your entities with one of these annotations: org.springframework.data.redis.core.RedisHash (preferred), or consider extending one of the following types with your repository: org.springframework.data.keyvalue.repository.KeyValueRepository
2026-09-07 13:28:44.362 [restartedMain] INFO  o.s.d.r.c.RepositoryConfigurationExtensionSupport - Spring Data Redis - Could not safely identify store assignment for repository candidate interface com.chronos.Idao.IUserPortalApplicationRepository; If you want this repository to be a Redis repository, consider annotating your entities with one of these annotations: org.springframework.data.redis.core.RedisHash (preferred), or consider extending one of the following types with your repository: org.springframework.data.keyvalue.repository.KeyValueRepository
2026-09-07 13:28:44.362 [restartedMain] INFO  o.s.d.r.c.RepositoryConfigurationExtensionSupport - Spring Data Redis - Could not safely identify store assignment for repository candidate interface com.chronos.Idao.IUserPortalPreferenceRepository; If you want this repository to be a Redis repository, consider annotating your entities with one of these annotations: org.springframework.data.redis.core.RedisHash (preferred), or consider extending one of the following types with your repository: org.springframework.data.keyvalue.repository.KeyValueRepository
2026-09-07 13:28:44.362 [restartedMain] INFO  o.s.d.r.c.RepositoryConfigurationExtensionSupport - Spring Data Redis - Could not safely identify store assignment for repository candidate interface com.chronos.Idao.form.IFormDefinitionRepository; If you want this repository to be a Redis repository, consider annotating your entities with one of these annotations: org.springframework.data.redis.core.RedisHash (preferred), or consider extending one of the following types with your repository: org.springframework.data.keyvalue.repository.KeyValueRepository
2026-09-07 13:28:44.363 [restartedMain] INFO  o.s.d.r.c.RepositoryConfigurationExtensionSupport - Spring Data Redis - Could not safely identify store assignment for repository candidate interface com.chronos.Idao.form.IFormFieldRepository; If you want this repository to be a Redis repository, consider annotating your entities with one of these annotations: org.springframework.data.redis.core.RedisHash (preferred), or consider extending one of the following types with your repository: org.springframework.data.keyvalue.repository.KeyValueRepository
2026-09-07 13:28:44.364 [restartedMain] INFO  o.s.d.r.c.RepositoryConfigurationExtensionSupport - Spring Data Redis - Could not safely identify store assignment for repository candidate interface com.chronos.Idao.form.IFormInstanceRepository; If you want this repository to be a Redis repository, consider annotating your entities with one of these annotations: org.springframework.data.redis.core.RedisHash (preferred), or consider extending one of the following types with your repository: org.springframework.data.keyvalue.repository.KeyValueRepository
2026-09-07 13:28:44.364 [restartedMain] INFO  o.s.d.r.c.RepositoryConfigurationExtensionSupport - Spring Data Redis - Could not safely identify store assignment for repository candidate interface com.chronos.Idao.workflow.IWorkflowAiSettingRepository; If you want this repository to be a Redis repository, consider annotating your entities with one of these annotations: org.springframework.data.redis.core.RedisHash (preferred), or consider extending one of the following types with your repository: org.springframework.data.keyvalue.repository.KeyValueRepository
2026-09-07 13:28:44.364 [restartedMain] INFO  o.s.d.r.c.RepositoryConfigurationExtensionSupport - Spring Data Redis - Could not safely identify store assignment for repository candidate interface com.chronos.Idao.workflow.IWorkflowDefinitionAclRepository; If you want this repository to be a Redis repository, consider annotating your entities with one of these annotations: org.springframework.data.redis.core.RedisHash (preferred), or consider extending one of the following types with your repository: org.springframework.data.keyvalue.repository.KeyValueRepository
2026-09-07 13:28:44.364 [restartedMain] INFO  o.s.d.r.c.RepositoryConfigurationExtensionSupport - Spring Data Redis - Could not safely identify store assignment for repository candidate interface com.chronos.Idao.workflow.IWorkflowDefinitionRepository; If you want this repository to be a Redis repository, consider annotating your entities with one of these annotations: org.springframework.data.redis.core.RedisHash (preferred), or consider extending one of the following types with your repository: org.springframework.data.keyvalue.repository.KeyValueRepository
2026-09-07 13:28:44.364 [restartedMain] INFO  o.s.d.r.c.RepositoryConfigurationExtensionSupport - Spring Data Redis - Could not safely identify store assignment for repository candidate interface com.chronos.Idao.workflow.IWorkflowDelegationRepository; If you want this repository to be a Redis repository, consider annotating your entities with one of these annotations: org.springframework.data.redis.core.RedisHash (preferred), or consider extending one of the following types with your repository: org.springframework.data.keyvalue.repository.KeyValueRepository
2026-09-07 13:28:44.364 [restartedMain] INFO  o.s.d.r.c.RepositoryConfigurationExtensionSupport - Spring Data Redis - Could not safely identify store assignment for repository candidate interface com.chronos.Idao.workflow.IWorkflowEdgeRepository; If you want this repository to be a Redis repository, consider annotating your entities with one of these annotations: org.springframework.data.redis.core.RedisHash (preferred), or consider extending one of the following types with your repository: org.springframework.data.keyvalue.repository.KeyValueRepository
2026-09-07 13:28:44.364 [restartedMain] INFO  o.s.d.r.c.RepositoryConfigurationExtensionSupport - Spring Data Redis - Could not safely identify store assignment for repository candidate interface com.chronos.Idao.workflow.IWorkflowExecutionLogRepository; If you want this repository to be a Redis repository, consider annotating your entities with one of these annotations: org.springframework.data.redis.core.RedisHash (preferred), or consider extending one of the following types with your repository: org.springframework.data.keyvalue.repository.KeyValueRepository
2026-09-07 13:28:44.365 [restartedMain] INFO  o.s.d.r.c.RepositoryConfigurationExtensionSupport - Spring Data Redis - Could not safely identify store assignment for repository candidate interface com.chronos.Idao.workflow.IWorkflowIdempotencyRepository; If you want this repository to be a Redis repository, consider annotating your entities with one of these annotations: org.springframework.data.redis.core.RedisHash (preferred), or consider extending one of the following types with your repository: org.springframework.data.keyvalue.repository.KeyValueRepository
2026-09-07 13:28:44.365 [restartedMain] INFO  o.s.d.r.c.RepositoryConfigurationExtensionSupport - Spring Data Redis - Could not safely identify store assignment for repository candidate interface com.chronos.Idao.workflow.IWorkflowIncidentRepository; If you want this repository to be a Redis repository, consider annotating your entities with one of these annotations: org.springframework.data.redis.core.RedisHash (preferred), or consider extending one of the following types with your repository: org.springframework.data.keyvalue.repository.KeyValueRepository
2026-09-07 13:28:44.365 [restartedMain] INFO  o.s.d.r.c.RepositoryConfigurationExtensionSupport - Spring Data Redis - Could not safely identify store assignment for repository candidate interface com.chronos.Idao.workflow.IWorkflowInstanceParticipantRepository; If you want this repository to be a Redis repository, consider annotating your entities with one of these annotations: org.springframework.data.redis.core.RedisHash (preferred), or consider extending one of the following types with your repository: org.springframework.data.keyvalue.repository.KeyValueRepository
2026-09-07 13:28:44.365 [restartedMain] INFO  o.s.d.r.c.RepositoryConfigurationExtensionSupport - Spring Data Redis - Could not safely identify store assignment for repository candidate interface com.chronos.Idao.workflow.IWorkflowInstanceRepository; If you want this repository to be a Redis repository, consider annotating your entities with one of these annotations: org.springframework.data.redis.core.RedisHash (preferred), or consider extending one of the following types with your repository: org.springframework.data.keyvalue.repository.KeyValueRepository
2026-09-07 13:28:44.365 [restartedMain] INFO  o.s.d.r.c.RepositoryConfigurationExtensionSupport - Spring Data Redis - Could not safely identify store assignment for repository candidate interface com.chronos.Idao.workflow.IWorkflowNodeRepository; If you want this repository to be a Redis repository, consider annotating your entities with one of these annotations: org.springframework.data.redis.core.RedisHash (preferred), or consider extending one of the following types with your repository: org.springframework.data.keyvalue.repository.KeyValueRepository
2026-09-07 13:28:44.365 [restartedMain] INFO  o.s.d.r.c.RepositoryConfigurationExtensionSupport - Spring Data Redis - Could not safely identify store assignment for repository candidate interface com.chronos.Idao.workflow.IWorkflowNotificationRepository; If you want this repository to be a Redis repository, consider annotating your entities with one of these annotations: org.springframework.data.redis.core.RedisHash (preferred), or consider extending one of the following types with your repository: org.springframework.data.keyvalue.repository.KeyValueRepository
2026-09-07 13:28:44.365 [restartedMain] INFO  o.s.d.r.c.RepositoryConfigurationExtensionSupport - Spring Data Redis - Could not safely identify store assignment for repository candidate interface com.chronos.Idao.workflow.IWorkflowOutboxRepository; If you want this repository to be a Redis repository, consider annotating your entities with one of these annotations: org.springframework.data.redis.core.RedisHash (preferred), or consider extending one of the following types with your repository: org.springframework.data.keyvalue.repository.KeyValueRepository
2026-09-07 13:28:44.365 [restartedMain] INFO  o.s.d.r.c.RepositoryConfigurationExtensionSupport - Spring Data Redis - Could not safely identify store assignment for repository candidate interface com.chronos.Idao.workflow.IWorkflowReviewRepository; If you want this repository to be a Redis repository, consider annotating your entities with one of these annotations: org.springframework.data.redis.core.RedisHash (preferred), or consider extending one of the following types with your repository: org.springframework.data.keyvalue.repository.KeyValueRepository
2026-09-07 13:28:44.365 [restartedMain] INFO  o.s.d.r.c.RepositoryConfigurationExtensionSupport - Spring Data Redis - Could not safely identify store assignment for repository candidate interface com.chronos.Idao.workflow.IWorkflowTaskCandidateRepository; If you want this repository to be a Redis repository, consider annotating your entities with one of these annotations: org.springframework.data.redis.core.RedisHash (preferred), or consider extending one of the following types with your repository: org.springframework.data.keyvalue.repository.KeyValueRepository
2026-09-07 13:28:44.365 [restartedMain] INFO  o.s.d.r.c.RepositoryConfigurationExtensionSupport - Spring Data Redis - Could not safely identify store assignment for repository candidate interface com.chronos.Idao.workflow.IWorkflowTaskRepository; If you want this repository to be a Redis repository, consider annotating your entities with one of these annotations: org.springframework.data.redis.core.RedisHash (preferred), or consider extending one of the following types with your repository: org.springframework.data.keyvalue.repository.KeyValueRepository
2026-09-07 13:28:44.365 [restartedMain] INFO  o.s.d.r.c.RepositoryConfigurationExtensionSupport - Spring Data Redis - Could not safely identify store assignment for repository candidate interface com.chronos.message.Idao.IPublicationAttachmentRepository; If you want this repository to be a Redis repository, consider annotating your entities with one of these annotations: org.springframework.data.redis.core.RedisHash (preferred), or consider extending one of the following types with your repository: org.springframework.data.keyvalue.repository.KeyValueRepository
2026-09-07 13:28:44.365 [restartedMain] INFO  o.s.d.r.c.RepositoryConfigurationExtensionSupport - Spring Data Redis - Could not safely identify store assignment for repository candidate interface com.chronos.message.Idao.IPublicationAudienceRepository; If you want this repository to be a Redis repository, consider annotating your entities with one of these annotations: org.springframework.data.redis.core.RedisHash (preferred), or consider extending one of the following types with your repository: org.springframework.data.keyvalue.repository.KeyValueRepository
2026-09-07 13:28:44.365 [restartedMain] INFO  o.s.d.r.c.RepositoryConfigurationExtensionSupport - Spring Data Redis - Could not safely identify store assignment for repository candidate interface com.chronos.message.Idao.IPublicationDeliveryRepository; If you want this repository to be a Redis repository, consider annotating your entities with one of these annotations: org.springframework.data.redis.core.RedisHash (preferred), or consider extending one of the following types with your repository: org.springframework.data.keyvalue.repository.KeyValueRepository
2026-09-07 13:28:44.366 [restartedMain] INFO  o.s.d.r.c.RepositoryConfigurationExtensionSupport - Spring Data Redis - Could not safely identify store assignment for repository candidate interface com.chronos.message.Idao.IPublicationReadRepository; If you want this repository to be a Redis repository, consider annotating your entities with one of these annotations: org.springframework.data.redis.core.RedisHash (preferred), or consider extending one of the following types with your repository: org.springframework.data.keyvalue.repository.KeyValueRepository
2026-09-07 13:28:44.366 [restartedMain] INFO  o.s.d.r.c.RepositoryConfigurationExtensionSupport - Spring Data Redis - Could not safely identify store assignment for repository candidate interface com.chronos.message.Idao.IPublicationRecipientRepository; If you want this repository to be a Redis repository, consider annotating your entities with one of these annotations: org.springframework.data.redis.core.RedisHash (preferred), or consider extending one of the following types with your repository: org.springframework.data.keyvalue.repository.KeyValueRepository
2026-09-07 13:28:44.366 [restartedMain] INFO  o.s.d.r.c.RepositoryConfigurationExtensionSupport - Spring Data Redis - Could not safely identify store assignment for repository candidate interface com.chronos.message.Idao.IPublicationRepository; If you want this repository to be a Redis repository, consider annotating your entities with one of these annotations: org.springframework.data.redis.core.RedisHash (preferred), or consider extending one of the following types with your repository: org.springframework.data.keyvalue.repository.KeyValueRepository
2026-09-07 13:28:44.366 [restartedMain] INFO  o.s.d.r.c.RepositoryConfigurationExtensionSupport - Spring Data Redis - Could not safely identify store assignment for repository candidate interface com.chronos.message.Idao.IPublicationVersionRepository; If you want this repository to be a Redis repository, consider annotating your entities with one of these annotations: org.springframework.data.redis.core.RedisHash (preferred), or consider extending one of the following types with your repository: org.springframework.data.keyvalue.repository.KeyValueRepository
2026-09-07 13:28:44.366 [restartedMain] INFO  o.s.d.r.c.RepositoryConfigurationExtensionSupport - Spring Data Redis - Could not safely identify store assignment for repository candidate interface com.chronos.industry.dao.IndustryTemplateInstallationRepository; If you want this repository to be a Redis repository, consider annotating your entities with one of these annotations: org.springframework.data.redis.core.RedisHash (preferred), or consider extending one of the following types with your repository: org.springframework.data.keyvalue.repository.KeyValueRepository
2026-09-07 13:28:44.366 [restartedMain] INFO  o.s.d.r.config.RepositoryConfigurationDelegate - Finished Spring Data repository scanning in 18 ms. Found 0 Redis repository interfaces.
2026-09-07 13:28:44.785 [restartedMain] INFO  org.springframework.boot.tomcat.TomcatWebServer - Tomcat initialized with port 8080 (http)
2026-09-07 13:28:44.792 [restartedMain] INFO  org.apache.coyote.http11.Http11NioProtocol - Initializing ProtocolHandler ["http-nio-8080"]
2026-09-07 13:28:44.793 [restartedMain] INFO  org.apache.catalina.core.StandardService - Starting service [Tomcat]
2026-09-07 13:28:44.793 [restartedMain] INFO  org.apache.catalina.core.StandardEngine - Starting Servlet engine: [Apache Tomcat/11.0.22]
2026-09-07 13:28:44.813 [restartedMain] INFO  o.s.b.w.c.servlet.WebApplicationContextInitializer - Root WebApplicationContext: initialization completed in 1152 ms
2026-09-07 13:28:44.927 [restartedMain] INFO  org.hibernate.orm.jpa - HHH008540: Processing PersistenceUnitInfo [name: default]
2026-09-07 13:28:44.946 [restartedMain] INFO  org.hibernate.orm.core - HHH000001: Hibernate ORM core version 7.2.19.Final
2026-09-07 13:28:45.167 [restartedMain] INFO  o.s.o.j.persistenceunit.SpringPersistenceUnitInfo - No LoadTimeWeaver setup: ignoring JPA class transformer
2026-09-07 13:28:45.193 [restartedMain] INFO  com.alibaba.druid.pool.DruidDataSource - {dataSource-1} inited
2026-09-07 13:28:45.281 [restartedMain] WARN  org.hibernate.orm.deprecation - HHH90000025: PostgreSQLDialect does not need to be specified explicitly using 'hibernate.dialect' (remove the property setting and it will be selected by default)
2026-09-07 13:28:45.289 [restartedMain] INFO  org.hibernate.orm.connections.pooling - HHH10001005: Database info:
	Database JDBC URL [jdbc:postgresql://localhost:5432/Chronos]
	Database driver: PostgreSQL JDBC Driver
	Database dialect: PostgreSQLDialect
	Database version: 17.10
	Default catalog/schema: Chronos/public
	Autocommit mode: undefined/unknown
	Isolation level: READ_COMMITTED [default READ_COMMITTED]
	JDBC fetch size: none
	Pool: DataSourceConnectionProvider
	Minimum pool size: undefined/unknown
	Maximum pool size: undefined/unknown
2026-09-07 13:28:46.199 [restartedMain] INFO  org.hibernate.orm.core - HHH000489: No JTA platform available (set 'hibernate.transaction.jta.platform' to enable JTA platform integration)
2026-09-07 13:28:46.277 [restartedMain] INFO  o.s.orm.jpa.LocalContainerEntityManagerFactoryBean - Initialized JPA EntityManagerFactory for persistence unit 'default'
2026-09-07 13:28:46.316 [restartedMain] INFO  o.s.d.jpa.repository.query.QueryEnhancerFactories - Hibernate is in classpath; If applicable, HQL parser will be used.
2026-09-07 13:28:46.855 [restartedMain] INFO  o.s.s.c.a.a.c.InitializeUserDetailsBeanManagerConfigurer$InitializeUserDetailsManagerConfigurer - Global AuthenticationManager configured with UserDetailsService bean with name adminUserDetailsService
2026-09-07 13:28:46.936 [restartedMain] ERROR i.n.resolver.dns.DnsServerAddressStreamProviders - Unable to load io.netty.resolver.dns.macos.MacOSDnsServerAddressStreamProvider, fallback to system defaults. This may result in incorrect DNS resolutions on MacOS. Check whether you have a dependency on 'io.netty:netty-resolver-dns-native-macos'. Use DEBUG level to see the full stack: java.lang.UnsatisfiedLinkError: failed to load the required native library
2026-09-07 13:28:47.320 [restartedMain] INFO  o.f.s.b.e.EventRegistryAutoConfiguration - No deployment resources were found for autodeployment
2026-09-07 13:28:47.419 [restartedMain] INFO  o.f.spring.boot.ProcessEngineAutoConfiguration - No deployment resources were found for autodeployment
2026-09-07 13:28:47.430 [restartedMain] INFO  o.f.c.engine.impl.async.DefaultAsyncTaskExecutor - Creating thread pool queue of size 100
2026-09-07 13:28:47.430 [restartedMain] INFO  o.f.c.engine.impl.async.DefaultAsyncTaskExecutor - Creating thread factory with naming pattern flowable-async-task-invoker-%d
2026-09-07 13:28:47.431 [restartedMain] INFO  o.f.c.engine.impl.async.DefaultAsyncTaskExecutor - Creating executor service with corePoolSize 8, maxPoolSize 8 and keepAliveTime 5000
2026-09-07 13:28:47.517 [restartedMain] INFO  o.flowable.spring.SpringProcessEngineConfiguration - Found 2 Engine Configurators in total:
2026-09-07 13:28:47.517 [restartedMain] INFO  o.flowable.spring.SpringProcessEngineConfiguration - class org.flowable.eventregistry.spring.configurator.SpringEventRegistryConfigurator (priority:100000)
2026-09-07 13:28:47.517 [restartedMain] INFO  o.flowable.spring.SpringProcessEngineConfiguration - class org.flowable.idm.engine.configurator.IdmEngineConfigurator (priority:150000)
2026-09-07 13:28:47.517 [restartedMain] INFO  o.flowable.spring.SpringProcessEngineConfiguration - Executing beforeInit() of class org.flowable.eventregistry.spring.configurator.SpringEventRegistryConfigurator (priority:100000)
2026-09-07 13:28:47.523 [restartedMain] INFO  o.flowable.spring.SpringProcessEngineConfiguration - Executing beforeInit() of class org.flowable.idm.engine.configurator.IdmEngineConfigurator (priority:150000)
2026-09-07 13:28:47.958 [restartedMain] INFO  o.flowable.spring.SpringProcessEngineConfiguration - Executing configure() of class org.flowable.eventregistry.spring.configurator.SpringEventRegistryConfigurator (priority:100000)
2026-09-07 13:28:47.965 [restartedMain] INFO  o.f.eventregistry.impl.EventRegistryEngineImpl - EventRegistryEngine default created
2026-09-07 13:28:47.966 [restartedMain] INFO  o.flowable.spring.SpringProcessEngineConfiguration - Executing configure() of class org.flowable.idm.engine.configurator.IdmEngineConfigurator (priority:150000)
2026-09-07 13:28:47.972 [restartedMain] INFO  org.flowable.idm.engine.impl.IdmEngineImpl - IdmEngine default created
2026-09-07 13:28:48.013 [restartedMain] INFO  org.flowable.engine.impl.ProcessEngineImpl - ProcessEngine default created
2026-09-07 13:28:48.031 [restartedMain] INFO  o.flowable.engine.impl.cmd.ValidateV5EntitiesCmd - Total of v5 deployments found: 0
2026-09-07 13:28:49.032 [restartedMain] INFO  o.s.s.q.SchedulerFactoryBean$LocalSchedulerFactory - Using default implementation for ThreadExecutor
2026-09-07 13:28:49.040 [restartedMain] INFO  org.quartz.core.SchedulerSignalerImpl - Initialized Scheduler Signaller of type: class org.quartz.core.SchedulerSignalerImpl
2026-09-07 13:28:49.040 [restartedMain] INFO  org.quartz.core.QuartzScheduler - Quartz Scheduler v2.5.2 created.
2026-09-07 13:28:49.041 [restartedMain] INFO  org.quartz.simpl.RAMJobStore - RAMJobStore initialized.
2026-09-07 13:28:49.041 [restartedMain] INFO  org.quartz.core.QuartzScheduler - Scheduler meta-data: Quartz Scheduler (v2.5.2) 'quartzScheduler' with instanceId 'NON_CLUSTERED'
  Scheduler class: 'org.quartz.core.QuartzScheduler' - running locally.
  NOT STARTED.
  Currently in standby mode.
  Number of jobs executed: 0
  Using thread pool 'org.quartz.simpl.SimpleThreadPool' - with 10 threads.
  Using job-store 'org.quartz.simpl.RAMJobStore' - which does not support persistence. and is not clustered.

2026-09-07 13:28:49.041 [restartedMain] INFO  o.s.s.q.SchedulerFactoryBean$LocalSchedulerFactory - Quartz scheduler 'quartzScheduler' initialized from an externally provided properties instance.
2026-09-07 13:28:49.041 [restartedMain] INFO  o.s.s.q.SchedulerFactoryBean$LocalSchedulerFactory - Quartz scheduler version: 2.5.2
2026-09-07 13:28:49.041 [restartedMain] INFO  org.quartz.core.QuartzScheduler - JobFactory set to: org.springframework.scheduling.quartz.SpringBeanJobFactory@745c1d52
2026-09-07 13:28:49.083 [restartedMain] INFO  o.f.j.s.impl.asyncexecutor.AbstractAsyncExecutor - Starting up the async job executor [org.flowable.spring.job.service.SpringAsyncExecutor] for engine bpmn
2026-09-07 13:28:49.093 [Thread-22] INFO  o.f.j.s.i.asyncexecutor.ResetExpiredJobsRunnable - starting to reset expired jobs for engine bpmn
2026-09-07 13:28:49.093 [restartedMain] INFO  org.apache.coyote.http11.Http11NioProtocol - Starting ProtocolHandler ["http-nio-8080"]
2026-09-07 13:28:49.094 [Thread-21] INFO  o.f.j.s.i.asyncexecutor.AcquireTimerJobsRunnable - starting to acquire async jobs due for engine bpmn
2026-09-07 13:28:49.094 [Thread-20] INFO  o.f.j.s.i.a.AcquireAsyncJobsDueRunnable - starting to acquire async jobs due for engine bpmn
2026-09-07 13:28:49.101 [restartedMain] INFO  org.springframework.boot.tomcat.TomcatWebServer - Tomcat started on port 8080 (http) with context path '/'
2026-09-07 13:28:49.103 [restartedMain] INFO  o.s.scheduling.quartz.SchedulerFactoryBean - Starting Quartz Scheduler now
2026-09-07 13:28:49.103 [restartedMain] INFO  org.quartz.core.QuartzScheduler - Scheduler quartzScheduler_$_NON_CLUSTERED started.
2026-09-07 13:28:49.110 [restartedMain] INFO  com.chronos.ChronosApplication - Started ChronosApplication in 5.681 seconds (process running for 6.184)
2026-09-07 13:28:53.418 [http-nio-8080-exec-1] INFO  o.a.c.core.ContainerBase.[Tomcat].[localhost].[/] - Initializing Spring DispatcherServlet 'dispatcherServlet'
2026-09-07 13:28:53.419 [http-nio-8080-exec-1] INFO  org.springframework.web.servlet.DispatcherServlet - Initializing Servlet 'dispatcherServlet'
2026-09-07 13:28:53.420 [http-nio-8080-exec-1] INFO  org.springframework.web.servlet.DispatcherServlet - Completed initialization in 1 ms
2026-09-07 13:28:57.927 [http-nio-8080-exec-4] WARN  o.s.d.w.c.SpringDataJackson3Configuration$PageModule$WarningLoggingModifier - Serializing PageImpl instances as-is is not supported, meaning that there is no guarantee about the stability of the resulting JSON structure!
	For a stable JSON structure, please use Spring Data's PagedModel (globally via @EnableSpringDataWebSupport(pageSerializationMode = VIA_DTO))
	or Spring HATEOAS and Spring Data's PagedResourcesAssembler as documented in https://docs.spring.io/spring-data/commons/reference/repositories/core-extensions.html#core.web.pageables.

2026-09-07 13:48:29.945 [RMI TCP Connection(29)-127.0.0.1] INFO  o.s.b.a.SpringApplicationAdminMXBeanRegistrar$SpringApplicationAdmin - Application shutdown requested.
2026-09-07 13:48:29.948 [RMI TCP Connection(29)-127.0.0.1] INFO  org.quartz.core.QuartzScheduler - Scheduler quartzScheduler_$_NON_CLUSTERED paused.
2026-09-07 13:48:29.949 [RMI TCP Connection(29)-127.0.0.1] INFO  org.springframework.boot.tomcat.GracefulShutdown - Commencing graceful shutdown. Waiting for active requests to complete
2026-09-07 13:48:29.950 [tomcat-shutdown] INFO  org.apache.coyote.http11.Http11NioProtocol - Pausing ProtocolHandler ["http-nio-8080"]
2026-09-07 13:48:29.961 [tomcat-shutdown] INFO  org.springframework.boot.tomcat.GracefulShutdown - Graceful shutdown complete
2026-09-07 13:48:29.961 [RMI TCP Connection(29)-127.0.0.1] INFO  org.apache.coyote.http11.Http11NioProtocol - Stopping ProtocolHandler ["http-nio-8080"]
2026-09-07 13:48:29.973 [RMI TCP Connection(29)-127.0.0.1] INFO  o.s.scheduling.quartz.SchedulerFactoryBean - Shutting down Quartz Scheduler
2026-09-07 13:48:29.973 [RMI TCP Connection(29)-127.0.0.1] INFO  org.quartz.core.QuartzScheduler - Scheduler quartzScheduler_$_NON_CLUSTERED shutting down.
2026-09-07 13:48:29.973 [RMI TCP Connection(29)-127.0.0.1] INFO  org.quartz.core.QuartzScheduler - Scheduler quartzScheduler_$_NON_CLUSTERED paused.
2026-09-07 13:48:29.973 [RMI TCP Connection(29)-127.0.0.1] INFO  org.quartz.core.QuartzScheduler - Scheduler quartzScheduler_$_NON_CLUSTERED shutdown complete.
2026-09-07 13:48:29.977 [RMI TCP Connection(29)-127.0.0.1] INFO  o.f.j.s.impl.asyncexecutor.AbstractAsyncExecutor - Shutting down the async job executor [org.flowable.spring.job.service.SpringAsyncExecutor] for engine bpmn
2026-09-07 13:48:29.977 [flowable-bpmn-acquire-timer-jobs] INFO  o.f.j.s.i.asyncexecutor.AcquireTimerJobsRunnable - stopped async job due acquisition for engine bpmn
2026-09-07 13:48:29.977 [flowable-bpmn-reset-expired-jobs] INFO  o.f.j.s.i.asyncexecutor.ResetExpiredJobsRunnable - stopped resetting expired jobs for engine bpmn
2026-09-07 13:48:29.977 [flowable-bpmn-acquire-async-jobs] INFO  o.f.j.s.i.a.AcquireAsyncJobsDueRunnable - stopped async job due acquisition for engine bpmn
2026-09-07 13:48:29.992 [RMI TCP Connection(29)-127.0.0.1] INFO  o.s.orm.jpa.LocalContainerEntityManagerFactoryBean - Closing JPA EntityManagerFactory for persistence unit 'default'
2026-09-07 13:48:29.995 [RMI TCP Connection(29)-127.0.0.1] INFO  com.alibaba.druid.pool.DruidDataSource - {dataSource-1} closed
2026-09-07 13:57:27.175 [background-preinit] INFO  org.hibernate.validator.internal.util.Version - HV000001: Hibernate Validator 9.0.1.Final
2026-09-07 13:57:27.206 [restartedMain] INFO  com.chronos.ChronosApplication - Starting ChronosApplication using Java 25.0.3 with PID 49137 (/Users/gaomingchao/git/Chronos/Chronos/hospital-app/target/classes started by gaomingchao in /Users/gaomingchao/git/Chronos/Chronos/hospital-app)
2026-09-07 13:57:27.207 [restartedMain] INFO  com.chronos.ChronosApplication - No active profile set, falling back to 1 default profile: "default"
2026-09-07 13:57:27.238 [restartedMain] INFO  o.s.b.d.env.DevToolsPropertyDefaultsPostProcessor - Devtools property defaults active! Set 'spring.devtools.add-properties' to 'false' to disable
2026-09-07 13:57:27.238 [restartedMain] INFO  o.s.b.d.env.DevToolsPropertyDefaultsPostProcessor - For additional web related logging consider setting the 'logging.level.web' property to 'DEBUG'
2026-09-07 13:57:27.684 [restartedMain] INFO  o.s.d.r.config.RepositoryConfigurationDelegate - Multiple Spring Data modules found, entering strict repository configuration mode
2026-09-07 13:57:27.684 [restartedMain] INFO  o.s.d.r.config.RepositoryConfigurationDelegate - Bootstrapping Spring Data JPA repositories in DEFAULT mode.
2026-09-07 13:57:27.792 [restartedMain] INFO  o.s.d.r.config.RepositoryConfigurationDelegate - Finished Spring Data repository scanning in 104 ms. Found 49 JPA repository interfaces.
2026-09-07 13:57:27.963 [restartedMain] INFO  o.s.d.r.config.RepositoryConfigurationDelegate - Multiple Spring Data modules found, entering strict repository configuration mode
2026-09-07 13:57:27.964 [restartedMain] INFO  o.s.d.r.config.RepositoryConfigurationDelegate - Bootstrapping Spring Data Redis repositories in DEFAULT mode.
2026-09-07 13:57:27.983 [restartedMain] INFO  o.s.d.r.c.RepositoryConfigurationExtensionSupport - Spring Data Redis - Could not safely identify store assignment for repository candidate interface com.chronos.Idao.IAuditLogRepository; If you want this repository to be a Redis repository, consider annotating your entities with one of these annotations: org.springframework.data.redis.core.RedisHash (preferred), or consider extending one of the following types with your repository: org.springframework.data.keyvalue.repository.KeyValueRepository
2026-09-07 13:57:27.983 [restartedMain] INFO  o.s.d.r.c.RepositoryConfigurationExtensionSupport - Spring Data Redis - Could not safely identify store assignment for repository candidate interface com.chronos.Idao.IAdminUserRepository; If you want this repository to be a Redis repository, consider annotating your entities with one of these annotations: org.springframework.data.redis.core.RedisHash (preferred), or consider extending one of the following types with your repository: org.springframework.data.keyvalue.repository.KeyValueRepository
2026-09-07 13:57:27.983 [restartedMain] INFO  o.s.d.r.c.RepositoryConfigurationExtensionSupport - Spring Data Redis - Could not safely identify store assignment for repository candidate interface com.chronos.Idao.IConsumerUserRepository; If you want this repository to be a Redis repository, consider annotating your entities with one of these annotations: org.springframework.data.redis.core.RedisHash (preferred), or consider extending one of the following types with your repository: org.springframework.data.keyvalue.repository.KeyValueRepository
2026-09-07 13:57:27.983 [restartedMain] INFO  o.s.d.r.c.RepositoryConfigurationExtensionSupport - Spring Data Redis - Could not safely identify store assignment for repository candidate interface com.chronos.Idao.IDictRepository; If you want this repository to be a Redis repository, consider annotating your entities with one of these annotations: org.springframework.data.redis.core.RedisHash (preferred), or consider extending one of the following types with your repository: org.springframework.data.keyvalue.repository.KeyValueRepository
2026-09-07 13:57:27.983 [restartedMain] INFO  o.s.d.r.c.RepositoryConfigurationExtensionSupport - Spring Data Redis - Could not safely identify store assignment for repository candidate interface com.chronos.Idao.IEmployeeAssignmentRepository; If you want this repository to be a Redis repository, consider annotating your entities with one of these annotations: org.springframework.data.redis.core.RedisHash (preferred), or consider extending one of the following types with your repository: org.springframework.data.keyvalue.repository.KeyValueRepository
2026-09-07 13:57:27.983 [restartedMain] INFO  o.s.d.r.c.RepositoryConfigurationExtensionSupport - Spring Data Redis - Could not safely identify store assignment for repository candidate interface com.chronos.Idao.IEmployeeRepository; If you want this repository to be a Redis repository, consider annotating your entities with one of these annotations: org.springframework.data.redis.core.RedisHash (preferred), or consider extending one of the following types with your repository: org.springframework.data.keyvalue.repository.KeyValueRepository
2026-09-07 13:57:27.984 [restartedMain] INFO  o.s.d.r.c.RepositoryConfigurationExtensionSupport - Spring Data Redis - Could not safely identify store assignment for repository candidate interface com.chronos.Idao.IJobLevelRepository; If you want this repository to be a Redis repository, consider annotating your entities with one of these annotations: org.springframework.data.redis.core.RedisHash (preferred), or consider extending one of the following types with your repository: org.springframework.data.keyvalue.repository.KeyValueRepository
2026-09-07 13:57:27.984 [restartedMain] INFO  o.s.d.r.c.RepositoryConfigurationExtensionSupport - Spring Data Redis - Could not safely identify store assignment for repository candidate interface com.chronos.Idao.IJobTitleRepository; If you want this repository to be a Redis repository, consider annotating your entities with one of these annotations: org.springframework.data.redis.core.RedisHash (preferred), or consider extending one of the following types with your repository: org.springframework.data.keyvalue.repository.KeyValueRepository
2026-09-07 13:57:27.984 [restartedMain] INFO  o.s.d.r.c.RepositoryConfigurationExtensionSupport - Spring Data Redis - Could not safely identify store assignment for repository candidate interface com.chronos.Idao.IMenuRepository; If you want this repository to be a Redis repository, consider annotating your entities with one of these annotations: org.springframework.data.redis.core.RedisHash (preferred), or consider extending one of the following types with your repository: org.springframework.data.keyvalue.repository.KeyValueRepository
2026-09-07 13:57:27.984 [restartedMain] INFO  o.s.d.r.c.RepositoryConfigurationExtensionSupport - Spring Data Redis - Could not safely identify store assignment for repository candidate interface com.chronos.Idao.IOrganizationRepository; If you want this repository to be a Redis repository, consider annotating your entities with one of these annotations: org.springframework.data.redis.core.RedisHash (preferred), or consider extending one of the following types with your repository: org.springframework.data.keyvalue.repository.KeyValueRepository
2026-09-07 13:57:27.984 [restartedMain] INFO  o.s.d.r.c.RepositoryConfigurationExtensionSupport - Spring Data Redis - Could not safely identify store assignment for repository candidate interface com.chronos.Idao.IOrganizationUnitRepository; If you want this repository to be a Redis repository, consider annotating your entities with one of these annotations: org.springframework.data.redis.core.RedisHash (preferred), or consider extending one of the following types with your repository: org.springframework.data.keyvalue.repository.KeyValueRepository
2026-09-07 13:57:27.984 [restartedMain] INFO  o.s.d.r.c.RepositoryConfigurationExtensionSupport - Spring Data Redis - Could not safely identify store assignment for repository candidate interface com.chronos.Idao.IPermissionRepository; If you want this repository to be a Redis repository, consider annotating your entities with one of these annotations: org.springframework.data.redis.core.RedisHash (preferred), or consider extending one of the following types with your repository: org.springframework.data.keyvalue.repository.KeyValueRepository
2026-09-07 13:57:27.984 [restartedMain] INFO  o.s.d.r.c.RepositoryConfigurationExtensionSupport - Spring Data Redis - Could not safely identify store assignment for repository candidate interface com.chronos.Idao.IPortalApplicationRepository; If you want this repository to be a Redis repository, consider annotating your entities with one of these annotations: org.springframework.data.redis.core.RedisHash (preferred), or consider extending one of the following types with your repository: org.springframework.data.keyvalue.repository.KeyValueRepository
2026-09-07 13:57:27.984 [restartedMain] INFO  o.s.d.r.c.RepositoryConfigurationExtensionSupport - Spring Data Redis - Could not safely identify store assignment for repository candidate interface com.chronos.Idao.IPortalWidgetRepository; If you want this repository to be a Redis repository, consider annotating your entities with one of these annotations: org.springframework.data.redis.core.RedisHash (preferred), or consider extending one of the following types with your repository: org.springframework.data.keyvalue.repository.KeyValueRepository
2026-09-07 13:57:27.984 [restartedMain] INFO  o.s.d.r.c.RepositoryConfigurationExtensionSupport - Spring Data Redis - Could not safely identify store assignment for repository candidate interface com.chronos.Idao.IPositionRepository; If you want this repository to be a Redis repository, consider annotating your entities with one of these annotations: org.springframework.data.redis.core.RedisHash (preferred), or consider extending one of the following types with your repository: org.springframework.data.keyvalue.repository.KeyValueRepository
2026-09-07 13:57:27.984 [restartedMain] INFO  o.s.d.r.c.RepositoryConfigurationExtensionSupport - Spring Data Redis - Could not safely identify store assignment for repository candidate interface com.chronos.Idao.IRefreshTokenRepository; If you want this repository to be a Redis repository, consider annotating your entities with one of these annotations: org.springframework.data.redis.core.RedisHash (preferred), or consider extending one of the following types with your repository: org.springframework.data.keyvalue.repository.KeyValueRepository
2026-09-07 13:57:27.984 [restartedMain] INFO  o.s.d.r.c.RepositoryConfigurationExtensionSupport - Spring Data Redis - Could not safely identify store assignment for repository candidate interface com.chronos.Idao.IRoleDataScopeRepository; If you want this repository to be a Redis repository, consider annotating your entities with one of these annotations: org.springframework.data.redis.core.RedisHash (preferred), or consider extending one of the following types with your repository: org.springframework.data.keyvalue.repository.KeyValueRepository
2026-09-07 13:57:27.985 [restartedMain] INFO  o.s.d.r.c.RepositoryConfigurationExtensionSupport - Spring Data Redis - Could not safely identify store assignment for repository candidate interface com.chronos.Idao.IRoleMenuPermissionRepository; If you want this repository to be a Redis repository, consider annotating your entities with one of these annotations: org.springframework.data.redis.core.RedisHash (preferred), or consider extending one of the following types with your repository: org.springframework.data.keyvalue.repository.KeyValueRepository
2026-09-07 13:57:27.985 [restartedMain] INFO  o.s.d.r.c.RepositoryConfigurationExtensionSupport - Spring Data Redis - Could not safely identify store assignment for repository candidate interface com.chronos.Idao.IRolePermissionRepository; If you want this repository to be a Redis repository, consider annotating your entities with one of these annotations: org.springframework.data.redis.core.RedisHash (preferred), or consider extending one of the following types with your repository: org.springframework.data.keyvalue.repository.KeyValueRepository
2026-09-07 13:57:27.985 [restartedMain] INFO  o.s.d.r.c.RepositoryConfigurationExtensionSupport - Spring Data Redis - Could not safely identify store assignment for repository candidate interface com.chronos.Idao.IRoleRepository; If you want this repository to be a Redis repository, consider annotating your entities with one of these annotations: org.springframework.data.redis.core.RedisHash (preferred), or consider extending one of the following types with your repository: org.springframework.data.keyvalue.repository.KeyValueRepository
2026-09-07 13:57:27.985 [restartedMain] INFO  o.s.d.r.c.RepositoryConfigurationExtensionSupport - Spring Data Redis - Could not safely identify store assignment for repository candidate interface com.chronos.Idao.IUserPortalApplicationRepository; If you want this repository to be a Redis repository, consider annotating your entities with one of these annotations: org.springframework.data.redis.core.RedisHash (preferred), or consider extending one of the following types with your repository: org.springframework.data.keyvalue.repository.KeyValueRepository
2026-09-07 13:57:27.985 [restartedMain] INFO  o.s.d.r.c.RepositoryConfigurationExtensionSupport - Spring Data Redis - Could not safely identify store assignment for repository candidate interface com.chronos.Idao.IUserPortalPreferenceRepository; If you want this repository to be a Redis repository, consider annotating your entities with one of these annotations: org.springframework.data.redis.core.RedisHash (preferred), or consider extending one of the following types with your repository: org.springframework.data.keyvalue.repository.KeyValueRepository
2026-09-07 13:57:27.985 [restartedMain] INFO  o.s.d.r.c.RepositoryConfigurationExtensionSupport - Spring Data Redis - Could not safely identify store assignment for repository candidate interface com.chronos.Idao.form.IFormDefinitionRepository; If you want this repository to be a Redis repository, consider annotating your entities with one of these annotations: org.springframework.data.redis.core.RedisHash (preferred), or consider extending one of the following types with your repository: org.springframework.data.keyvalue.repository.KeyValueRepository
2026-09-07 13:57:27.985 [restartedMain] INFO  o.s.d.r.c.RepositoryConfigurationExtensionSupport - Spring Data Redis - Could not safely identify store assignment for repository candidate interface com.chronos.Idao.form.IFormFieldRepository; If you want this repository to be a Redis repository, consider annotating your entities with one of these annotations: org.springframework.data.redis.core.RedisHash (preferred), or consider extending one of the following types with your repository: org.springframework.data.keyvalue.repository.KeyValueRepository
2026-09-07 13:57:27.985 [restartedMain] INFO  o.s.d.r.c.RepositoryConfigurationExtensionSupport - Spring Data Redis - Could not safely identify store assignment for repository candidate interface com.chronos.Idao.form.IFormInstanceRepository; If you want this repository to be a Redis repository, consider annotating your entities with one of these annotations: org.springframework.data.redis.core.RedisHash (preferred), or consider extending one of the following types with your repository: org.springframework.data.keyvalue.repository.KeyValueRepository
2026-09-07 13:57:27.985 [restartedMain] INFO  o.s.d.r.c.RepositoryConfigurationExtensionSupport - Spring Data Redis - Could not safely identify store assignment for repository candidate interface com.chronos.Idao.workflow.IWorkflowAiSettingRepository; If you want this repository to be a Redis repository, consider annotating your entities with one of these annotations: org.springframework.data.redis.core.RedisHash (preferred), or consider extending one of the following types with your repository: org.springframework.data.keyvalue.repository.KeyValueRepository
2026-09-07 13:57:27.986 [restartedMain] INFO  o.s.d.r.c.RepositoryConfigurationExtensionSupport - Spring Data Redis - Could not safely identify store assignment for repository candidate interface com.chronos.Idao.workflow.IWorkflowDefinitionAclRepository; If you want this repository to be a Redis repository, consider annotating your entities with one of these annotations: org.springframework.data.redis.core.RedisHash (preferred), or consider extending one of the following types with your repository: org.springframework.data.keyvalue.repository.KeyValueRepository
2026-09-07 13:57:27.986 [restartedMain] INFO  o.s.d.r.c.RepositoryConfigurationExtensionSupport - Spring Data Redis - Could not safely identify store assignment for repository candidate interface com.chronos.Idao.workflow.IWorkflowDefinitionRepository; If you want this repository to be a Redis repository, consider annotating your entities with one of these annotations: org.springframework.data.redis.core.RedisHash (preferred), or consider extending one of the following types with your repository: org.springframework.data.keyvalue.repository.KeyValueRepository
2026-09-07 13:57:27.986 [restartedMain] INFO  o.s.d.r.c.RepositoryConfigurationExtensionSupport - Spring Data Redis - Could not safely identify store assignment for repository candidate interface com.chronos.Idao.workflow.IWorkflowDelegationRepository; If you want this repository to be a Redis repository, consider annotating your entities with one of these annotations: org.springframework.data.redis.core.RedisHash (preferred), or consider extending one of the following types with your repository: org.springframework.data.keyvalue.repository.KeyValueRepository
2026-09-07 13:57:27.986 [restartedMain] INFO  o.s.d.r.c.RepositoryConfigurationExtensionSupport - Spring Data Redis - Could not safely identify store assignment for repository candidate interface com.chronos.Idao.workflow.IWorkflowEdgeRepository; If you want this repository to be a Redis repository, consider annotating your entities with one of these annotations: org.springframework.data.redis.core.RedisHash (preferred), or consider extending one of the following types with your repository: org.springframework.data.keyvalue.repository.KeyValueRepository
2026-09-07 13:57:27.986 [restartedMain] INFO  o.s.d.r.c.RepositoryConfigurationExtensionSupport - Spring Data Redis - Could not safely identify store assignment for repository candidate interface com.chronos.Idao.workflow.IWorkflowExecutionLogRepository; If you want this repository to be a Redis repository, consider annotating your entities with one of these annotations: org.springframework.data.redis.core.RedisHash (preferred), or consider extending one of the following types with your repository: org.springframework.data.keyvalue.repository.KeyValueRepository
2026-09-07 13:57:27.986 [restartedMain] INFO  o.s.d.r.c.RepositoryConfigurationExtensionSupport - Spring Data Redis - Could not safely identify store assignment for repository candidate interface com.chronos.Idao.workflow.IWorkflowIdempotencyRepository; If you want this repository to be a Redis repository, consider annotating your entities with one of these annotations: org.springframework.data.redis.core.RedisHash (preferred), or consider extending one of the following types with your repository: org.springframework.data.keyvalue.repository.KeyValueRepository
2026-09-07 13:57:27.986 [restartedMain] INFO  o.s.d.r.c.RepositoryConfigurationExtensionSupport - Spring Data Redis - Could not safely identify store assignment for repository candidate interface com.chronos.Idao.workflow.IWorkflowIncidentRepository; If you want this repository to be a Redis repository, consider annotating your entities with one of these annotations: org.springframework.data.redis.core.RedisHash (preferred), or consider extending one of the following types with your repository: org.springframework.data.keyvalue.repository.KeyValueRepository
2026-09-07 13:57:27.986 [restartedMain] INFO  o.s.d.r.c.RepositoryConfigurationExtensionSupport - Spring Data Redis - Could not safely identify store assignment for repository candidate interface com.chronos.Idao.workflow.IWorkflowInstanceParticipantRepository; If you want this repository to be a Redis repository, consider annotating your entities with one of these annotations: org.springframework.data.redis.core.RedisHash (preferred), or consider extending one of the following types with your repository: org.springframework.data.keyvalue.repository.KeyValueRepository
2026-09-07 13:57:27.987 [restartedMain] INFO  o.s.d.r.c.RepositoryConfigurationExtensionSupport - Spring Data Redis - Could not safely identify store assignment for repository candidate interface com.chronos.Idao.workflow.IWorkflowInstanceRepository; If you want this repository to be a Redis repository, consider annotating your entities with one of these annotations: org.springframework.data.redis.core.RedisHash (preferred), or consider extending one of the following types with your repository: org.springframework.data.keyvalue.repository.KeyValueRepository
2026-09-07 13:57:27.987 [restartedMain] INFO  o.s.d.r.c.RepositoryConfigurationExtensionSupport - Spring Data Redis - Could not safely identify store assignment for repository candidate interface com.chronos.Idao.workflow.IWorkflowNodeRepository; If you want this repository to be a Redis repository, consider annotating your entities with one of these annotations: org.springframework.data.redis.core.RedisHash (preferred), or consider extending one of the following types with your repository: org.springframework.data.keyvalue.repository.KeyValueRepository
2026-09-07 13:57:27.987 [restartedMain] INFO  o.s.d.r.c.RepositoryConfigurationExtensionSupport - Spring Data Redis - Could not safely identify store assignment for repository candidate interface com.chronos.Idao.workflow.IWorkflowNotificationRepository; If you want this repository to be a Redis repository, consider annotating your entities with one of these annotations: org.springframework.data.redis.core.RedisHash (preferred), or consider extending one of the following types with your repository: org.springframework.data.keyvalue.repository.KeyValueRepository
2026-09-07 13:57:27.987 [restartedMain] INFO  o.s.d.r.c.RepositoryConfigurationExtensionSupport - Spring Data Redis - Could not safely identify store assignment for repository candidate interface com.chronos.Idao.workflow.IWorkflowOutboxRepository; If you want this repository to be a Redis repository, consider annotating your entities with one of these annotations: org.springframework.data.redis.core.RedisHash (preferred), or consider extending one of the following types with your repository: org.springframework.data.keyvalue.repository.KeyValueRepository
2026-09-07 13:57:27.987 [restartedMain] INFO  o.s.d.r.c.RepositoryConfigurationExtensionSupport - Spring Data Redis - Could not safely identify store assignment for repository candidate interface com.chronos.Idao.workflow.IWorkflowReviewRepository; If you want this repository to be a Redis repository, consider annotating your entities with one of these annotations: org.springframework.data.redis.core.RedisHash (preferred), or consider extending one of the following types with your repository: org.springframework.data.keyvalue.repository.KeyValueRepository
2026-09-07 13:57:27.987 [restartedMain] INFO  o.s.d.r.c.RepositoryConfigurationExtensionSupport - Spring Data Redis - Could not safely identify store assignment for repository candidate interface com.chronos.Idao.workflow.IWorkflowTaskCandidateRepository; If you want this repository to be a Redis repository, consider annotating your entities with one of these annotations: org.springframework.data.redis.core.RedisHash (preferred), or consider extending one of the following types with your repository: org.springframework.data.keyvalue.repository.KeyValueRepository
2026-09-07 13:57:27.987 [restartedMain] INFO  o.s.d.r.c.RepositoryConfigurationExtensionSupport - Spring Data Redis - Could not safely identify store assignment for repository candidate interface com.chronos.Idao.workflow.IWorkflowTaskRepository; If you want this repository to be a Redis repository, consider annotating your entities with one of these annotations: org.springframework.data.redis.core.RedisHash (preferred), or consider extending one of the following types with your repository: org.springframework.data.keyvalue.repository.KeyValueRepository
2026-09-07 13:57:27.987 [restartedMain] INFO  o.s.d.r.c.RepositoryConfigurationExtensionSupport - Spring Data Redis - Could not safely identify store assignment for repository candidate interface com.chronos.message.Idao.IPublicationAttachmentRepository; If you want this repository to be a Redis repository, consider annotating your entities with one of these annotations: org.springframework.data.redis.core.RedisHash (preferred), or consider extending one of the following types with your repository: org.springframework.data.keyvalue.repository.KeyValueRepository
2026-09-07 13:57:27.987 [restartedMain] INFO  o.s.d.r.c.RepositoryConfigurationExtensionSupport - Spring Data Redis - Could not safely identify store assignment for repository candidate interface com.chronos.message.Idao.IPublicationAudienceRepository; If you want this repository to be a Redis repository, consider annotating your entities with one of these annotations: org.springframework.data.redis.core.RedisHash (preferred), or consider extending one of the following types with your repository: org.springframework.data.keyvalue.repository.KeyValueRepository
2026-09-07 13:57:27.987 [restartedMain] INFO  o.s.d.r.c.RepositoryConfigurationExtensionSupport - Spring Data Redis - Could not safely identify store assignment for repository candidate interface com.chronos.message.Idao.IPublicationDeliveryRepository; If you want this repository to be a Redis repository, consider annotating your entities with one of these annotations: org.springframework.data.redis.core.RedisHash (preferred), or consider extending one of the following types with your repository: org.springframework.data.keyvalue.repository.KeyValueRepository
2026-09-07 13:57:27.987 [restartedMain] INFO  o.s.d.r.c.RepositoryConfigurationExtensionSupport - Spring Data Redis - Could not safely identify store assignment for repository candidate interface com.chronos.message.Idao.IPublicationReadRepository; If you want this repository to be a Redis repository, consider annotating your entities with one of these annotations: org.springframework.data.redis.core.RedisHash (preferred), or consider extending one of the following types with your repository: org.springframework.data.keyvalue.repository.KeyValueRepository
2026-09-07 13:57:27.987 [restartedMain] INFO  o.s.d.r.c.RepositoryConfigurationExtensionSupport - Spring Data Redis - Could not safely identify store assignment for repository candidate interface com.chronos.message.Idao.IPublicationRecipientRepository; If you want this repository to be a Redis repository, consider annotating your entities with one of these annotations: org.springframework.data.redis.core.RedisHash (preferred), or consider extending one of the following types with your repository: org.springframework.data.keyvalue.repository.KeyValueRepository
2026-09-07 13:57:27.987 [restartedMain] INFO  o.s.d.r.c.RepositoryConfigurationExtensionSupport - Spring Data Redis - Could not safely identify store assignment for repository candidate interface com.chronos.message.Idao.IPublicationRepository; If you want this repository to be a Redis repository, consider annotating your entities with one of these annotations: org.springframework.data.redis.core.RedisHash (preferred), or consider extending one of the following types with your repository: org.springframework.data.keyvalue.repository.KeyValueRepository
2026-09-07 13:57:27.987 [restartedMain] INFO  o.s.d.r.c.RepositoryConfigurationExtensionSupport - Spring Data Redis - Could not safely identify store assignment for repository candidate interface com.chronos.message.Idao.IPublicationVersionRepository; If you want this repository to be a Redis repository, consider annotating your entities with one of these annotations: org.springframework.data.redis.core.RedisHash (preferred), or consider extending one of the following types with your repository: org.springframework.data.keyvalue.repository.KeyValueRepository
2026-09-07 13:57:27.987 [restartedMain] INFO  o.s.d.r.c.RepositoryConfigurationExtensionSupport - Spring Data Redis - Could not safely identify store assignment for repository candidate interface com.chronos.industry.dao.IndustryTemplateInstallationRepository; If you want this repository to be a Redis repository, consider annotating your entities with one of these annotations: org.springframework.data.redis.core.RedisHash (preferred), or consider extending one of the following types with your repository: org.springframework.data.keyvalue.repository.KeyValueRepository
2026-09-07 13:57:27.987 [restartedMain] INFO  o.s.d.r.config.RepositoryConfigurationDelegate - Finished Spring Data repository scanning in 19 ms. Found 0 Redis repository interfaces.
2026-09-07 13:57:28.426 [restartedMain] INFO  org.springframework.boot.tomcat.TomcatWebServer - Tomcat initialized with port 8080 (http)
2026-09-07 13:57:28.433 [restartedMain] INFO  org.apache.coyote.http11.Http11NioProtocol - Initializing ProtocolHandler ["http-nio-8080"]
2026-09-07 13:57:28.434 [restartedMain] INFO  org.apache.catalina.core.StandardService - Starting service [Tomcat]
2026-09-07 13:57:28.434 [restartedMain] INFO  org.apache.catalina.core.StandardEngine - Starting Servlet engine: [Apache Tomcat/11.0.22]
2026-09-07 13:57:28.457 [restartedMain] INFO  o.s.b.w.c.servlet.WebApplicationContextInitializer - Root WebApplicationContext: initialization completed in 1218 ms
2026-09-07 13:57:28.577 [restartedMain] INFO  org.hibernate.orm.jpa - HHH008540: Processing PersistenceUnitInfo [name: default]
2026-09-07 13:57:28.596 [restartedMain] INFO  org.hibernate.orm.core - HHH000001: Hibernate ORM core version 7.2.19.Final
2026-09-07 13:57:28.818 [restartedMain] INFO  o.s.o.j.persistenceunit.SpringPersistenceUnitInfo - No LoadTimeWeaver setup: ignoring JPA class transformer
2026-09-07 13:57:28.840 [restartedMain] INFO  com.alibaba.druid.pool.DruidDataSource - {dataSource-1} inited
2026-09-07 13:57:28.930 [restartedMain] WARN  org.hibernate.orm.deprecation - HHH90000025: PostgreSQLDialect does not need to be specified explicitly using 'hibernate.dialect' (remove the property setting and it will be selected by default)
2026-09-07 13:57:28.939 [restartedMain] INFO  org.hibernate.orm.connections.pooling - HHH10001005: Database info:
	Database JDBC URL [jdbc:postgresql://localhost:5432/Chronos]
	Database driver: PostgreSQL JDBC Driver
	Database dialect: PostgreSQLDialect
	Database version: 17.10
	Default catalog/schema: Chronos/public
	Autocommit mode: undefined/unknown
	Isolation level: READ_COMMITTED [default READ_COMMITTED]
	JDBC fetch size: none
	Pool: DataSourceConnectionProvider
	Minimum pool size: undefined/unknown
	Maximum pool size: undefined/unknown
2026-09-07 13:57:29.897 [restartedMain] INFO  org.hibernate.orm.core - HHH000489: No JTA platform available (set 'hibernate.transaction.jta.platform' to enable JTA platform integration)
2026-09-07 13:57:29.972 [restartedMain] INFO  o.s.orm.jpa.LocalContainerEntityManagerFactoryBean - Initialized JPA EntityManagerFactory for persistence unit 'default'
2026-09-07 13:57:30.012 [restartedMain] INFO  o.s.d.jpa.repository.query.QueryEnhancerFactories - Hibernate is in classpath; If applicable, HQL parser will be used.
2026-09-07 13:57:30.554 [restartedMain] INFO  o.s.s.c.a.a.c.InitializeUserDetailsBeanManagerConfigurer$InitializeUserDetailsManagerConfigurer - Global AuthenticationManager configured with UserDetailsService bean with name adminUserDetailsService
2026-09-07 13:57:30.627 [restartedMain] ERROR i.n.resolver.dns.DnsServerAddressStreamProviders - Unable to load io.netty.resolver.dns.macos.MacOSDnsServerAddressStreamProvider, fallback to system defaults. This may result in incorrect DNS resolutions on MacOS. Check whether you have a dependency on 'io.netty:netty-resolver-dns-native-macos'. Use DEBUG level to see the full stack: java.lang.UnsatisfiedLinkError: failed to load the required native library
2026-09-07 13:57:31.023 [restartedMain] INFO  o.f.s.b.e.EventRegistryAutoConfiguration - No deployment resources were found for autodeployment
2026-09-07 13:57:31.126 [restartedMain] INFO  o.f.spring.boot.ProcessEngineAutoConfiguration - No deployment resources were found for autodeployment
2026-09-07 13:57:31.136 [restartedMain] INFO  o.f.c.engine.impl.async.DefaultAsyncTaskExecutor - Creating thread pool queue of size 100
2026-09-07 13:57:31.137 [restartedMain] INFO  o.f.c.engine.impl.async.DefaultAsyncTaskExecutor - Creating thread factory with naming pattern flowable-async-task-invoker-%d
2026-09-07 13:57:31.137 [restartedMain] INFO  o.f.c.engine.impl.async.DefaultAsyncTaskExecutor - Creating executor service with corePoolSize 8, maxPoolSize 8 and keepAliveTime 5000
2026-09-07 13:57:31.226 [restartedMain] INFO  o.flowable.spring.SpringProcessEngineConfiguration - Found 2 Engine Configurators in total:
2026-09-07 13:57:31.226 [restartedMain] INFO  o.flowable.spring.SpringProcessEngineConfiguration - class org.flowable.eventregistry.spring.configurator.SpringEventRegistryConfigurator (priority:100000)
2026-09-07 13:57:31.226 [restartedMain] INFO  o.flowable.spring.SpringProcessEngineConfiguration - class org.flowable.idm.engine.configurator.IdmEngineConfigurator (priority:150000)
2026-09-07 13:57:31.226 [restartedMain] INFO  o.flowable.spring.SpringProcessEngineConfiguration - Executing beforeInit() of class org.flowable.eventregistry.spring.configurator.SpringEventRegistryConfigurator (priority:100000)
2026-09-07 13:57:31.235 [restartedMain] INFO  o.flowable.spring.SpringProcessEngineConfiguration - Executing beforeInit() of class org.flowable.idm.engine.configurator.IdmEngineConfigurator (priority:150000)
2026-09-07 13:57:31.659 [restartedMain] INFO  o.flowable.spring.SpringProcessEngineConfiguration - Executing configure() of class org.flowable.eventregistry.spring.configurator.SpringEventRegistryConfigurator (priority:100000)
2026-09-07 13:57:31.666 [restartedMain] INFO  o.f.eventregistry.impl.EventRegistryEngineImpl - EventRegistryEngine default created
2026-09-07 13:57:31.667 [restartedMain] INFO  o.flowable.spring.SpringProcessEngineConfiguration - Executing configure() of class org.flowable.idm.engine.configurator.IdmEngineConfigurator (priority:150000)
2026-09-07 13:57:31.672 [restartedMain] INFO  org.flowable.idm.engine.impl.IdmEngineImpl - IdmEngine default created
2026-09-07 13:57:31.709 [restartedMain] INFO  org.flowable.engine.impl.ProcessEngineImpl - ProcessEngine default created
2026-09-07 13:57:31.727 [restartedMain] INFO  o.flowable.engine.impl.cmd.ValidateV5EntitiesCmd - Total of v5 deployments found: 0
2026-09-07 13:57:32.756 [restartedMain] INFO  o.s.s.q.SchedulerFactoryBean$LocalSchedulerFactory - Using default implementation for ThreadExecutor
2026-09-07 13:57:32.763 [restartedMain] INFO  org.quartz.core.SchedulerSignalerImpl - Initialized Scheduler Signaller of type: class org.quartz.core.SchedulerSignalerImpl
2026-09-07 13:57:32.763 [restartedMain] INFO  org.quartz.core.QuartzScheduler - Quartz Scheduler v2.5.2 created.
2026-09-07 13:57:32.763 [restartedMain] INFO  org.quartz.simpl.RAMJobStore - RAMJobStore initialized.
2026-09-07 13:57:32.764 [restartedMain] INFO  org.quartz.core.QuartzScheduler - Scheduler meta-data: Quartz Scheduler (v2.5.2) 'quartzScheduler' with instanceId 'NON_CLUSTERED'
  Scheduler class: 'org.quartz.core.QuartzScheduler' - running locally.
  NOT STARTED.
  Currently in standby mode.
  Number of jobs executed: 0
  Using thread pool 'org.quartz.simpl.SimpleThreadPool' - with 10 threads.
  Using job-store 'org.quartz.simpl.RAMJobStore' - which does not support persistence. and is not clustered.

2026-09-07 13:57:32.764 [restartedMain] INFO  o.s.s.q.SchedulerFactoryBean$LocalSchedulerFactory - Quartz scheduler 'quartzScheduler' initialized from an externally provided properties instance.
2026-09-07 13:57:32.764 [restartedMain] INFO  o.s.s.q.SchedulerFactoryBean$LocalSchedulerFactory - Quartz scheduler version: 2.5.2
2026-09-07 13:57:32.764 [restartedMain] INFO  org.quartz.core.QuartzScheduler - JobFactory set to: org.springframework.scheduling.quartz.SpringBeanJobFactory@236a8894
2026-09-07 13:57:32.804 [restartedMain] INFO  o.f.j.s.impl.asyncexecutor.AbstractAsyncExecutor - Starting up the async job executor [org.flowable.spring.job.service.SpringAsyncExecutor] for engine bpmn
2026-09-07 13:57:32.812 [Thread-22] INFO  o.f.j.s.i.asyncexecutor.ResetExpiredJobsRunnable - starting to reset expired jobs for engine bpmn
2026-09-07 13:57:32.812 [restartedMain] INFO  org.apache.coyote.http11.Http11NioProtocol - Starting ProtocolHandler ["http-nio-8080"]
2026-09-07 13:57:32.813 [Thread-20] INFO  o.f.j.s.i.a.AcquireAsyncJobsDueRunnable - starting to acquire async jobs due for engine bpmn
2026-09-07 13:57:32.813 [Thread-21] INFO  o.f.j.s.i.asyncexecutor.AcquireTimerJobsRunnable - starting to acquire async jobs due for engine bpmn
2026-09-07 13:57:32.820 [restartedMain] INFO  org.springframework.boot.tomcat.TomcatWebServer - Tomcat started on port 8080 (http) with context path '/'
2026-09-07 13:57:32.822 [restartedMain] INFO  o.s.scheduling.quartz.SchedulerFactoryBean - Starting Quartz Scheduler now
2026-09-07 13:57:32.822 [restartedMain] INFO  org.quartz.core.QuartzScheduler - Scheduler quartzScheduler_$_NON_CLUSTERED started.
2026-09-07 13:57:32.829 [restartedMain] INFO  com.chronos.ChronosApplication - Started ChronosApplication in 5.826 seconds (process running for 6.35)
2026-09-07 13:57:36.137 [http-nio-8080-exec-1] INFO  o.a.c.core.ContainerBase.[Tomcat].[localhost].[/] - Initializing Spring DispatcherServlet 'dispatcherServlet'
2026-09-07 13:57:36.138 [http-nio-8080-exec-1] INFO  org.springframework.web.servlet.DispatcherServlet - Initializing Servlet 'dispatcherServlet'
2026-09-07 13:57:36.139 [http-nio-8080-exec-1] INFO  org.springframework.web.servlet.DispatcherServlet - Completed initialization in 1 ms
2026-09-07 13:57:40.603 [http-nio-8080-exec-3] WARN  o.s.d.w.c.SpringDataJackson3Configuration$PageModule$WarningLoggingModifier - Serializing PageImpl instances as-is is not supported, meaning that there is no guarantee about the stability of the resulting JSON structure!
	For a stable JSON structure, please use Spring Data's PagedModel (globally via @EnableSpringDataWebSupport(pageSerializationMode = VIA_DTO))
	or Spring HATEOAS and Spring Data's PagedResourcesAssembler as documented in https://docs.spring.io/spring-data/commons/reference/repositories/core-extensions.html#core.web.pageables.

2026-09-07 14:22:40.821 [File Watcher] INFO  o.s.b.d.a.LocalDevToolsAutoConfiguration$RestartingClassPathChangeChangedEventListener - Restarting due to 36 class path changes (0 additions, 10 deletions, 26 modifications)
2026-09-07 14:22:40.830 [Thread-1] INFO  org.quartz.core.QuartzScheduler - Scheduler quartzScheduler_$_NON_CLUSTERED paused.
2026-09-07 14:22:40.832 [Thread-1] INFO  org.springframework.boot.tomcat.GracefulShutdown - Commencing graceful shutdown. Waiting for active requests to complete
2026-09-07 14:22:40.833 [tomcat-shutdown] INFO  org.apache.coyote.http11.Http11NioProtocol - Pausing ProtocolHandler ["http-nio-8080"]
2026-09-07 14:22:40.839 [tomcat-shutdown] INFO  org.springframework.boot.tomcat.GracefulShutdown - Graceful shutdown complete
2026-09-07 14:22:40.839 [Thread-1] INFO  org.apache.coyote.http11.Http11NioProtocol - Stopping ProtocolHandler ["http-nio-8080"]
2026-09-07 14:22:40.856 [Thread-1] INFO  o.s.scheduling.quartz.SchedulerFactoryBean - Shutting down Quartz Scheduler
2026-09-07 14:22:40.856 [Thread-1] INFO  org.quartz.core.QuartzScheduler - Scheduler quartzScheduler_$_NON_CLUSTERED shutting down.
2026-09-07 14:22:40.857 [Thread-1] INFO  org.quartz.core.QuartzScheduler - Scheduler quartzScheduler_$_NON_CLUSTERED paused.
2026-09-07 14:22:40.857 [Thread-1] INFO  org.quartz.core.QuartzScheduler - Scheduler quartzScheduler_$_NON_CLUSTERED shutdown complete.
2026-09-07 14:22:40.861 [Thread-1] INFO  o.f.j.s.impl.asyncexecutor.AbstractAsyncExecutor - Shutting down the async job executor [org.flowable.spring.job.service.SpringAsyncExecutor] for engine bpmn
2026-09-07 14:22:40.861 [flowable-bpmn-reset-expired-jobs] INFO  o.f.j.s.i.asyncexecutor.ResetExpiredJobsRunnable - stopped resetting expired jobs for engine bpmn
2026-09-07 14:22:40.861 [flowable-bpmn-acquire-timer-jobs] INFO  o.f.j.s.i.asyncexecutor.AcquireTimerJobsRunnable - stopped async job due acquisition for engine bpmn
2026-09-07 14:22:40.861 [flowable-bpmn-acquire-async-jobs] INFO  o.f.j.s.i.a.AcquireAsyncJobsDueRunnable - stopped async job due acquisition for engine bpmn
2026-09-07 14:22:40.878 [Thread-1] INFO  o.s.orm.jpa.LocalContainerEntityManagerFactoryBean - Closing JPA EntityManagerFactory for persistence unit 'default'
2026-09-07 14:22:40.881 [Thread-1] INFO  com.alibaba.druid.pool.DruidDataSource - {dataSource-1} closed
2026-09-07 14:22:40.989 [restartedMain] INFO  com.chronos.ChronosApplication - Starting ChronosApplication using Java 25.0.3 with PID 49137 (/Users/gaomingchao/git/Chronos/Chronos/hospital-app/target/classes started by gaomingchao in /Users/gaomingchao/git/Chronos/Chronos/hospital-app)
2026-09-07 14:22:40.989 [restartedMain] INFO  com.chronos.ChronosApplication - No active profile set, falling back to 1 default profile: "default"
2026-09-07 14:22:41.186 [restartedMain] INFO  o.s.d.r.config.RepositoryConfigurationDelegate - Multiple Spring Data modules found, entering strict repository configuration mode
2026-09-07 14:22:41.186 [restartedMain] INFO  o.s.d.r.config.RepositoryConfigurationDelegate - Bootstrapping Spring Data JPA repositories in DEFAULT mode.
2026-09-07 14:22:41.226 [restartedMain] INFO  o.s.d.r.config.RepositoryConfigurationDelegate - Finished Spring Data repository scanning in 38 ms. Found 49 JPA repository interfaces.
2026-09-07 14:22:41.284 [restartedMain] INFO  o.s.d.r.config.RepositoryConfigurationDelegate - Multiple Spring Data modules found, entering strict repository configuration mode
2026-09-07 14:22:41.285 [restartedMain] INFO  o.s.d.r.config.RepositoryConfigurationDelegate - Bootstrapping Spring Data Redis repositories in DEFAULT mode.
2026-09-07 14:22:41.294 [restartedMain] INFO  o.s.d.r.c.RepositoryConfigurationExtensionSupport - Spring Data Redis - Could not safely identify store assignment for repository candidate interface com.chronos.Idao.IAuditLogRepository; If you want this repository to be a Redis repository, consider annotating your entities with one of these annotations: org.springframework.data.redis.core.RedisHash (preferred), or consider extending one of the following types with your repository: org.springframework.data.keyvalue.repository.KeyValueRepository
2026-09-07 14:22:41.294 [restartedMain] INFO  o.s.d.r.c.RepositoryConfigurationExtensionSupport - Spring Data Redis - Could not safely identify store assignment for repository candidate interface com.chronos.Idao.IAdminUserRepository; If you want this repository to be a Redis repository, consider annotating your entities with one of these annotations: org.springframework.data.redis.core.RedisHash (preferred), or consider extending one of the following types with your repository: org.springframework.data.keyvalue.repository.KeyValueRepository
2026-09-07 14:22:41.294 [restartedMain] INFO  o.s.d.r.c.RepositoryConfigurationExtensionSupport - Spring Data Redis - Could not safely identify store assignment for repository candidate interface com.chronos.Idao.IConsumerUserRepository; If you want this repository to be a Redis repository, consider annotating your entities with one of these annotations: org.springframework.data.redis.core.RedisHash (preferred), or consider extending one of the following types with your repository: org.springframework.data.keyvalue.repository.KeyValueRepository
2026-09-07 14:22:41.294 [restartedMain] INFO  o.s.d.r.c.RepositoryConfigurationExtensionSupport - Spring Data Redis - Could not safely identify store assignment for repository candidate interface com.chronos.Idao.IDictRepository; If you want this repository to be a Redis repository, consider annotating your entities with one of these annotations: org.springframework.data.redis.core.RedisHash (preferred), or consider extending one of the following types with your repository: org.springframework.data.keyvalue.repository.KeyValueRepository
2026-09-07 14:22:41.294 [restartedMain] INFO  o.s.d.r.c.RepositoryConfigurationExtensionSupport - Spring Data Redis - Could not safely identify store assignment for repository candidate interface com.chronos.Idao.IEmployeeAssignmentRepository; If you want this repository to be a Redis repository, consider annotating your entities with one of these annotations: org.springframework.data.redis.core.RedisHash (preferred), or consider extending one of the following types with your repository: org.springframework.data.keyvalue.repository.KeyValueRepository
2026-09-07 14:22:41.294 [restartedMain] INFO  o.s.d.r.c.RepositoryConfigurationExtensionSupport - Spring Data Redis - Could not safely identify store assignment for repository candidate interface com.chronos.Idao.IEmployeeRepository; If you want this repository to be a Redis repository, consider annotating your entities with one of these annotations: org.springframework.data.redis.core.RedisHash (preferred), or consider extending one of the following types with your repository: org.springframework.data.keyvalue.repository.KeyValueRepository
2026-09-07 14:22:41.294 [restartedMain] INFO  o.s.d.r.c.RepositoryConfigurationExtensionSupport - Spring Data Redis - Could not safely identify store assignment for repository candidate interface com.chronos.Idao.IJobLevelRepository; If you want this repository to be a Redis repository, consider annotating your entities with one of these annotations: org.springframework.data.redis.core.RedisHash (preferred), or consider extending one of the following types with your repository: org.springframework.data.keyvalue.repository.KeyValueRepository
2026-09-07 14:22:41.294 [restartedMain] INFO  o.s.d.r.c.RepositoryConfigurationExtensionSupport - Spring Data Redis - Could not safely identify store assignment for repository candidate interface com.chronos.Idao.IJobTitleRepository; If you want this repository to be a Redis repository, consider annotating your entities with one of these annotations: org.springframework.data.redis.core.RedisHash (preferred), or consider extending one of the following types with your repository: org.springframework.data.keyvalue.repository.KeyValueRepository
2026-09-07 14:22:41.294 [restartedMain] INFO  o.s.d.r.c.RepositoryConfigurationExtensionSupport - Spring Data Redis - Could not safely identify store assignment for repository candidate interface com.chronos.Idao.IMenuRepository; If you want this repository to be a Redis repository, consider annotating your entities with one of these annotations: org.springframework.data.redis.core.RedisHash (preferred), or consider extending one of the following types with your repository: org.springframework.data.keyvalue.repository.KeyValueRepository
2026-09-07 14:22:41.294 [restartedMain] INFO  o.s.d.r.c.RepositoryConfigurationExtensionSupport - Spring Data Redis - Could not safely identify store assignment for repository candidate interface com.chronos.Idao.IOrganizationRepository; If you want this repository to be a Redis repository, consider annotating your entities with one of these annotations: org.springframework.data.redis.core.RedisHash (preferred), or consider extending one of the following types with your repository: org.springframework.data.keyvalue.repository.KeyValueRepository
2026-09-07 14:22:41.294 [restartedMain] INFO  o.s.d.r.c.RepositoryConfigurationExtensionSupport - Spring Data Redis - Could not safely identify store assignment for repository candidate interface com.chronos.Idao.IOrganizationUnitRepository; If you want this repository to be a Redis repository, consider annotating your entities with one of these annotations: org.springframework.data.redis.core.RedisHash (preferred), or consider extending one of the following types with your repository: org.springframework.data.keyvalue.repository.KeyValueRepository
2026-09-07 14:22:41.294 [restartedMain] INFO  o.s.d.r.c.RepositoryConfigurationExtensionSupport - Spring Data Redis - Could not safely identify store assignment for repository candidate interface com.chronos.Idao.IPermissionRepository; If you want this repository to be a Redis repository, consider annotating your entities with one of these annotations: org.springframework.data.redis.core.RedisHash (preferred), or consider extending one of the following types with your repository: org.springframework.data.keyvalue.repository.KeyValueRepository
2026-09-07 14:22:41.294 [restartedMain] INFO  o.s.d.r.c.RepositoryConfigurationExtensionSupport - Spring Data Redis - Could not safely identify store assignment for repository candidate interface com.chronos.Idao.IPortalApplicationRepository; If you want this repository to be a Redis repository, consider annotating your entities with one of these annotations: org.springframework.data.redis.core.RedisHash (preferred), or consider extending one of the following types with your repository: org.springframework.data.keyvalue.repository.KeyValueRepository
2026-09-07 14:22:41.294 [restartedMain] INFO  o.s.d.r.c.RepositoryConfigurationExtensionSupport - Spring Data Redis - Could not safely identify store assignment for repository candidate interface com.chronos.Idao.IPortalWidgetRepository; If you want this repository to be a Redis repository, consider annotating your entities with one of these annotations: org.springframework.data.redis.core.RedisHash (preferred), or consider extending one of the following types with your repository: org.springframework.data.keyvalue.repository.KeyValueRepository
2026-09-07 14:22:41.294 [restartedMain] INFO  o.s.d.r.c.RepositoryConfigurationExtensionSupport - Spring Data Redis - Could not safely identify store assignment for repository candidate interface com.chronos.Idao.IPositionRepository; If you want this repository to be a Redis repository, consider annotating your entities with one of these annotations: org.springframework.data.redis.core.RedisHash (preferred), or consider extending one of the following types with your repository: org.springframework.data.keyvalue.repository.KeyValueRepository
2026-09-07 14:22:41.294 [restartedMain] INFO  o.s.d.r.c.RepositoryConfigurationExtensionSupport - Spring Data Redis - Could not safely identify store assignment for repository candidate interface com.chronos.Idao.IRefreshTokenRepository; If you want this repository to be a Redis repository, consider annotating your entities with one of these annotations: org.springframework.data.redis.core.RedisHash (preferred), or consider extending one of the following types with your repository: org.springframework.data.keyvalue.repository.KeyValueRepository
2026-09-07 14:22:41.294 [restartedMain] INFO  o.s.d.r.c.RepositoryConfigurationExtensionSupport - Spring Data Redis - Could not safely identify store assignment for repository candidate interface com.chronos.Idao.IRoleDataScopeRepository; If you want this repository to be a Redis repository, consider annotating your entities with one of these annotations: org.springframework.data.redis.core.RedisHash (preferred), or consider extending one of the following types with your repository: org.springframework.data.keyvalue.repository.KeyValueRepository
2026-09-07 14:22:41.294 [restartedMain] INFO  o.s.d.r.c.RepositoryConfigurationExtensionSupport - Spring Data Redis - Could not safely identify store assignment for repository candidate interface com.chronos.Idao.IRoleMenuPermissionRepository; If you want this repository to be a Redis repository, consider annotating your entities with one of these annotations: org.springframework.data.redis.core.RedisHash (preferred), or consider extending one of the following types with your repository: org.springframework.data.keyvalue.repository.KeyValueRepository
2026-09-07 14:22:41.294 [restartedMain] INFO  o.s.d.r.c.RepositoryConfigurationExtensionSupport - Spring Data Redis - Could not safely identify store assignment for repository candidate interface com.chronos.Idao.IRolePermissionRepository; If you want this repository to be a Redis repository, consider annotating your entities with one of these annotations: org.springframework.data.redis.core.RedisHash (preferred), or consider extending one of the following types with your repository: org.springframework.data.keyvalue.repository.KeyValueRepository
2026-09-07 14:22:41.294 [restartedMain] INFO  o.s.d.r.c.RepositoryConfigurationExtensionSupport - Spring Data Redis - Could not safely identify store assignment for repository candidate interface com.chronos.Idao.IRoleRepository; If you want this repository to be a Redis repository, consider annotating your entities with one of these annotations: org.springframework.data.redis.core.RedisHash (preferred), or consider extending one of the following types with your repository: org.springframework.data.keyvalue.repository.KeyValueRepository
2026-09-07 14:22:41.294 [restartedMain] INFO  o.s.d.r.c.RepositoryConfigurationExtensionSupport - Spring Data Redis - Could not safely identify store assignment for repository candidate interface com.chronos.Idao.IUserPortalApplicationRepository; If you want this repository to be a Redis repository, consider annotating your entities with one of these annotations: org.springframework.data.redis.core.RedisHash (preferred), or consider extending one of the following types with your repository: org.springframework.data.keyvalue.repository.KeyValueRepository
2026-09-07 14:22:41.294 [restartedMain] INFO  o.s.d.r.c.RepositoryConfigurationExtensionSupport - Spring Data Redis - Could not safely identify store assignment for repository candidate interface com.chronos.Idao.IUserPortalPreferenceRepository; If you want this repository to be a Redis repository, consider annotating your entities with one of these annotations: org.springframework.data.redis.core.RedisHash (preferred), or consider extending one of the following types with your repository: org.springframework.data.keyvalue.repository.KeyValueRepository
2026-09-07 14:22:41.294 [restartedMain] INFO  o.s.d.r.c.RepositoryConfigurationExtensionSupport - Spring Data Redis - Could not safely identify store assignment for repository candidate interface com.chronos.Idao.form.IFormDefinitionRepository; If you want this repository to be a Redis repository, consider annotating your entities with one of these annotations: org.springframework.data.redis.core.RedisHash (preferred), or consider extending one of the following types with your repository: org.springframework.data.keyvalue.repository.KeyValueRepository
2026-09-07 14:22:41.295 [restartedMain] INFO  o.s.d.r.c.RepositoryConfigurationExtensionSupport - Spring Data Redis - Could not safely identify store assignment for repository candidate interface com.chronos.Idao.form.IFormFieldRepository; If you want this repository to be a Redis repository, consider annotating your entities with one of these annotations: org.springframework.data.redis.core.RedisHash (preferred), or consider extending one of the following types with your repository: org.springframework.data.keyvalue.repository.KeyValueRepository
2026-09-07 14:22:41.295 [restartedMain] INFO  o.s.d.r.c.RepositoryConfigurationExtensionSupport - Spring Data Redis - Could not safely identify store assignment for repository candidate interface com.chronos.Idao.form.IFormInstanceRepository; If you want this repository to be a Redis repository, consider annotating your entities with one of these annotations: org.springframework.data.redis.core.RedisHash (preferred), or consider extending one of the following types with your repository: org.springframework.data.keyvalue.repository.KeyValueRepository
2026-09-07 14:22:41.295 [restartedMain] INFO  o.s.d.r.c.RepositoryConfigurationExtensionSupport - Spring Data Redis - Could not safely identify store assignment for repository candidate interface com.chronos.Idao.workflow.IWorkflowAiSettingRepository; If you want this repository to be a Redis repository, consider annotating your entities with one of these annotations: org.springframework.data.redis.core.RedisHash (preferred), or consider extending one of the following types with your repository: org.springframework.data.keyvalue.repository.KeyValueRepository
2026-09-07 14:22:41.295 [restartedMain] INFO  o.s.d.r.c.RepositoryConfigurationExtensionSupport - Spring Data Redis - Could not safely identify store assignment for repository candidate interface com.chronos.Idao.workflow.IWorkflowDefinitionAclRepository; If you want this repository to be a Redis repository, consider annotating your entities with one of these annotations: org.springframework.data.redis.core.RedisHash (preferred), or consider extending one of the following types with your repository: org.springframework.data.keyvalue.repository.KeyValueRepository
2026-09-07 14:22:41.295 [restartedMain] INFO  o.s.d.r.c.RepositoryConfigurationExtensionSupport - Spring Data Redis - Could not safely identify store assignment for repository candidate interface com.chronos.Idao.workflow.IWorkflowDefinitionRepository; If you want this repository to be a Redis repository, consider annotating your entities with one of these annotations: org.springframework.data.redis.core.RedisHash (preferred), or consider extending one of the following types with your repository: org.springframework.data.keyvalue.repository.KeyValueRepository
2026-09-07 14:22:41.295 [restartedMain] INFO  o.s.d.r.c.RepositoryConfigurationExtensionSupport - Spring Data Redis - Could not safely identify store assignment for repository candidate interface com.chronos.Idao.workflow.IWorkflowDelegationRepository; If you want this repository to be a Redis repository, consider annotating your entities with one of these annotations: org.springframework.data.redis.core.RedisHash (preferred), or consider extending one of the following types with your repository: org.springframework.data.keyvalue.repository.KeyValueRepository
2026-09-07 14:22:41.295 [restartedMain] INFO  o.s.d.r.c.RepositoryConfigurationExtensionSupport - Spring Data Redis - Could not safely identify store assignment for repository candidate interface com.chronos.Idao.workflow.IWorkflowEdgeRepository; If you want this repository to be a Redis repository, consider annotating your entities with one of these annotations: org.springframework.data.redis.core.RedisHash (preferred), or consider extending one of the following types with your repository: org.springframework.data.keyvalue.repository.KeyValueRepository
2026-09-07 14:22:41.295 [restartedMain] INFO  o.s.d.r.c.RepositoryConfigurationExtensionSupport - Spring Data Redis - Could not safely identify store assignment for repository candidate interface com.chronos.Idao.workflow.IWorkflowExecutionLogRepository; If you want this repository to be a Redis repository, consider annotating your entities with one of these annotations: org.springframework.data.redis.core.RedisHash (preferred), or consider extending one of the following types with your repository: org.springframework.data.keyvalue.repository.KeyValueRepository
2026-09-07 14:22:41.295 [restartedMain] INFO  o.s.d.r.c.RepositoryConfigurationExtensionSupport - Spring Data Redis - Could not safely identify store assignment for repository candidate interface com.chronos.Idao.workflow.IWorkflowIdempotencyRepository; If you want this repository to be a Redis repository, consider annotating your entities with one of these annotations: org.springframework.data.redis.core.RedisHash (preferred), or consider extending one of the following types with your repository: org.springframework.data.keyvalue.repository.KeyValueRepository
2026-09-07 14:22:41.295 [restartedMain] INFO  o.s.d.r.c.RepositoryConfigurationExtensionSupport - Spring Data Redis - Could not safely identify store assignment for repository candidate interface com.chronos.Idao.workflow.IWorkflowIncidentRepository; If you want this repository to be a Redis repository, consider annotating your entities with one of these annotations: org.springframework.data.redis.core.RedisHash (preferred), or consider extending one of the following types with your repository: org.springframework.data.keyvalue.repository.KeyValueRepository
2026-09-07 14:22:41.295 [restartedMain] INFO  o.s.d.r.c.RepositoryConfigurationExtensionSupport - Spring Data Redis - Could not safely identify store assignment for repository candidate interface com.chronos.Idao.workflow.IWorkflowInstanceParticipantRepository; If you want this repository to be a Redis repository, consider annotating your entities with one of these annotations: org.springframework.data.redis.core.RedisHash (preferred), or consider extending one of the following types with your repository: org.springframework.data.keyvalue.repository.KeyValueRepository
2026-09-07 14:22:41.295 [restartedMain] INFO  o.s.d.r.c.RepositoryConfigurationExtensionSupport - Spring Data Redis - Could not safely identify store assignment for repository candidate interface com.chronos.Idao.workflow.IWorkflowInstanceRepository; If you want this repository to be a Redis repository, consider annotating your entities with one of these annotations: org.springframework.data.redis.core.RedisHash (preferred), or consider extending one of the following types with your repository: org.springframework.data.keyvalue.repository.KeyValueRepository
2026-09-07 14:22:41.295 [restartedMain] INFO  o.s.d.r.c.RepositoryConfigurationExtensionSupport - Spring Data Redis - Could not safely identify store assignment for repository candidate interface com.chronos.Idao.workflow.IWorkflowNodeRepository; If you want this repository to be a Redis repository, consider annotating your entities with one of these annotations: org.springframework.data.redis.core.RedisHash (preferred), or consider extending one of the following types with your repository: org.springframework.data.keyvalue.repository.KeyValueRepository
2026-09-07 14:22:41.295 [restartedMain] INFO  o.s.d.r.c.RepositoryConfigurationExtensionSupport - Spring Data Redis - Could not safely identify store assignment for repository candidate interface com.chronos.Idao.workflow.IWorkflowNotificationRepository; If you want this repository to be a Redis repository, consider annotating your entities with one of these annotations: org.springframework.data.redis.core.RedisHash (preferred), or consider extending one of the following types with your repository: org.springframework.data.keyvalue.repository.KeyValueRepository
2026-09-07 14:22:41.295 [restartedMain] INFO  o.s.d.r.c.RepositoryConfigurationExtensionSupport - Spring Data Redis - Could not safely identify store assignment for repository candidate interface com.chronos.Idao.workflow.IWorkflowOutboxRepository; If you want this repository to be a Redis repository, consider annotating your entities with one of these annotations: org.springframework.data.redis.core.RedisHash (preferred), or consider extending one of the following types with your repository: org.springframework.data.keyvalue.repository.KeyValueRepository
2026-09-07 14:22:41.295 [restartedMain] INFO  o.s.d.r.c.RepositoryConfigurationExtensionSupport - Spring Data Redis - Could not safely identify store assignment for repository candidate interface com.chronos.Idao.workflow.IWorkflowReviewRepository; If you want this repository to be a Redis repository, consider annotating your entities with one of these annotations: org.springframework.data.redis.core.RedisHash (preferred), or consider extending one of the following types with your repository: org.springframework.data.keyvalue.repository.KeyValueRepository
2026-09-07 14:22:41.295 [restartedMain] INFO  o.s.d.r.c.RepositoryConfigurationExtensionSupport - Spring Data Redis - Could not safely identify store assignment for repository candidate interface com.chronos.Idao.workflow.IWorkflowTaskCandidateRepository; If you want this repository to be a Redis repository, consider annotating your entities with one of these annotations: org.springframework.data.redis.core.RedisHash (preferred), or consider extending one of the following types with your repository: org.springframework.data.keyvalue.repository.KeyValueRepository
2026-09-07 14:22:41.295 [restartedMain] INFO  o.s.d.r.c.RepositoryConfigurationExtensionSupport - Spring Data Redis - Could not safely identify store assignment for repository candidate interface com.chronos.Idao.workflow.IWorkflowTaskRepository; If you want this repository to be a Redis repository, consider annotating your entities with one of these annotations: org.springframework.data.redis.core.RedisHash (preferred), or consider extending one of the following types with your repository: org.springframework.data.keyvalue.repository.KeyValueRepository
2026-09-07 14:22:41.295 [restartedMain] INFO  o.s.d.r.c.RepositoryConfigurationExtensionSupport - Spring Data Redis - Could not safely identify store assignment for repository candidate interface com.chronos.message.Idao.IPublicationAttachmentRepository; If you want this repository to be a Redis repository, consider annotating your entities with one of these annotations: org.springframework.data.redis.core.RedisHash (preferred), or consider extending one of the following types with your repository: org.springframework.data.keyvalue.repository.KeyValueRepository
2026-09-07 14:22:41.295 [restartedMain] INFO  o.s.d.r.c.RepositoryConfigurationExtensionSupport - Spring Data Redis - Could not safely identify store assignment for repository candidate interface com.chronos.message.Idao.IPublicationAudienceRepository; If you want this repository to be a Redis repository, consider annotating your entities with one of these annotations: org.springframework.data.redis.core.RedisHash (preferred), or consider extending one of the following types with your repository: org.springframework.data.keyvalue.repository.KeyValueRepository
2026-09-07 14:22:41.295 [restartedMain] INFO  o.s.d.r.c.RepositoryConfigurationExtensionSupport - Spring Data Redis - Could not safely identify store assignment for repository candidate interface com.chronos.message.Idao.IPublicationDeliveryRepository; If you want this repository to be a Redis repository, consider annotating your entities with one of these annotations: org.springframework.data.redis.core.RedisHash (preferred), or consider extending one of the following types with your repository: org.springframework.data.keyvalue.repository.KeyValueRepository
2026-09-07 14:22:41.295 [restartedMain] INFO  o.s.d.r.c.RepositoryConfigurationExtensionSupport - Spring Data Redis - Could not safely identify store assignment for repository candidate interface com.chronos.message.Idao.IPublicationReadRepository; If you want this repository to be a Redis repository, consider annotating your entities with one of these annotations: org.springframework.data.redis.core.RedisHash (preferred), or consider extending one of the following types with your repository: org.springframework.data.keyvalue.repository.KeyValueRepository
2026-09-07 14:22:41.295 [restartedMain] INFO  o.s.d.r.c.RepositoryConfigurationExtensionSupport - Spring Data Redis - Could not safely identify store assignment for repository candidate interface com.chronos.message.Idao.IPublicationRecipientRepository; If you want this repository to be a Redis repository, consider annotating your entities with one of these annotations: org.springframework.data.redis.core.RedisHash (preferred), or consider extending one of the following types with your repository: org.springframework.data.keyvalue.repository.KeyValueRepository
2026-09-07 14:22:41.295 [restartedMain] INFO  o.s.d.r.c.RepositoryConfigurationExtensionSupport - Spring Data Redis - Could not safely identify store assignment for repository candidate interface com.chronos.message.Idao.IPublicationRepository; If you want this repository to be a Redis repository, consider annotating your entities with one of these annotations: org.springframework.data.redis.core.RedisHash (preferred), or consider extending one of the following types with your repository: org.springframework.data.keyvalue.repository.KeyValueRepository
2026-09-07 14:22:41.295 [restartedMain] INFO  o.s.d.r.c.RepositoryConfigurationExtensionSupport - Spring Data Redis - Could not safely identify store assignment for repository candidate interface com.chronos.message.Idao.IPublicationVersionRepository; If you want this repository to be a Redis repository, consider annotating your entities with one of these annotations: org.springframework.data.redis.core.RedisHash (preferred), or consider extending one of the following types with your repository: org.springframework.data.keyvalue.repository.KeyValueRepository
2026-09-07 14:22:41.295 [restartedMain] INFO  o.s.d.r.c.RepositoryConfigurationExtensionSupport - Spring Data Redis - Could not safely identify store assignment for repository candidate interface com.chronos.industry.dao.IndustryTemplateInstallationRepository; If you want this repository to be a Redis repository, consider annotating your entities with one of these annotations: org.springframework.data.redis.core.RedisHash (preferred), or consider extending one of the following types with your repository: org.springframework.data.keyvalue.repository.KeyValueRepository
2026-09-07 14:22:41.295 [restartedMain] INFO  o.s.d.r.config.RepositoryConfigurationDelegate - Finished Spring Data repository scanning in 10 ms. Found 0 Redis repository interfaces.
2026-09-07 14:22:41.440 [restartedMain] INFO  org.springframework.boot.tomcat.TomcatWebServer - Tomcat initialized with port 8080 (http)
2026-09-07 14:22:41.441 [restartedMain] INFO  org.apache.coyote.http11.Http11NioProtocol - Initializing ProtocolHandler ["http-nio-8080"]
2026-09-07 14:22:41.441 [restartedMain] INFO  org.apache.catalina.core.StandardService - Starting service [Tomcat]
2026-09-07 14:22:41.441 [restartedMain] INFO  org.apache.catalina.core.StandardEngine - Starting Servlet engine: [Apache Tomcat/11.0.22]
2026-09-07 14:22:41.453 [restartedMain] INFO  o.s.b.w.c.servlet.WebApplicationContextInitializer - Root WebApplicationContext: initialization completed in 463 ms
2026-09-07 14:22:41.523 [restartedMain] INFO  org.hibernate.orm.jpa - HHH008540: Processing PersistenceUnitInfo [name: default]
2026-09-07 14:22:41.552 [restartedMain] INFO  o.s.o.j.persistenceunit.SpringPersistenceUnitInfo - No LoadTimeWeaver setup: ignoring JPA class transformer
2026-09-07 14:22:41.555 [restartedMain] INFO  com.alibaba.druid.pool.DruidDataSource - {dataSource-2} inited
2026-09-07 14:22:41.577 [restartedMain] WARN  org.hibernate.orm.deprecation - HHH90000025: PostgreSQLDialect does not need to be specified explicitly using 'hibernate.dialect' (remove the property setting and it will be selected by default)
2026-09-07 14:22:41.580 [restartedMain] INFO  org.hibernate.orm.connections.pooling - HHH10001005: Database info:
	Database JDBC URL [jdbc:postgresql://localhost:5432/Chronos]
	Database driver: PostgreSQL JDBC Driver
	Database dialect: PostgreSQLDialect
	Database version: 17.10
	Default catalog/schema: Chronos/public
	Autocommit mode: undefined/unknown
	Isolation level: READ_COMMITTED [default READ_COMMITTED]
	JDBC fetch size: none
	Pool: DataSourceConnectionProvider
	Minimum pool size: undefined/unknown
	Maximum pool size: undefined/unknown
2026-09-07 14:22:41.982 [restartedMain] INFO  org.hibernate.orm.core - HHH000489: No JTA platform available (set 'hibernate.transaction.jta.platform' to enable JTA platform integration)
2026-09-07 14:22:42.033 [restartedMain] INFO  o.s.orm.jpa.LocalContainerEntityManagerFactoryBean - Initialized JPA EntityManagerFactory for persistence unit 'default'
2026-09-07 14:22:42.242 [restartedMain] INFO  o.s.s.c.a.a.c.InitializeUserDetailsBeanManagerConfigurer$InitializeUserDetailsManagerConfigurer - Global AuthenticationManager configured with UserDetailsService bean with name adminUserDetailsService
2026-09-07 14:22:42.493 [restartedMain] INFO  o.f.s.b.e.EventRegistryAutoConfiguration - No deployment resources were found for autodeployment
2026-09-07 14:22:42.553 [restartedMain] INFO  o.f.spring.boot.ProcessEngineAutoConfiguration - No deployment resources were found for autodeployment
2026-09-07 14:22:42.560 [restartedMain] INFO  o.f.c.engine.impl.async.DefaultAsyncTaskExecutor - Creating thread pool queue of size 100
2026-09-07 14:22:42.560 [restartedMain] INFO  o.f.c.engine.impl.async.DefaultAsyncTaskExecutor - Creating thread factory with naming pattern flowable-async-task-invoker-%d
2026-09-07 14:22:42.560 [restartedMain] INFO  o.f.c.engine.impl.async.DefaultAsyncTaskExecutor - Creating executor service with corePoolSize 8, maxPoolSize 8 and keepAliveTime 5000
2026-09-07 14:22:42.637 [restartedMain] INFO  o.flowable.spring.SpringProcessEngineConfiguration - Found 2 Engine Configurators in total:
2026-09-07 14:22:42.637 [restartedMain] INFO  o.flowable.spring.SpringProcessEngineConfiguration - class org.flowable.eventregistry.spring.configurator.SpringEventRegistryConfigurator (priority:100000)
2026-09-07 14:22:42.637 [restartedMain] INFO  o.flowable.spring.SpringProcessEngineConfiguration - class org.flowable.idm.engine.configurator.IdmEngineConfigurator (priority:150000)
2026-09-07 14:22:42.637 [restartedMain] INFO  o.flowable.spring.SpringProcessEngineConfiguration - Executing beforeInit() of class org.flowable.eventregistry.spring.configurator.SpringEventRegistryConfigurator (priority:100000)
2026-09-07 14:22:42.638 [restartedMain] INFO  o.flowable.spring.SpringProcessEngineConfiguration - Executing beforeInit() of class org.flowable.idm.engine.configurator.IdmEngineConfigurator (priority:150000)
2026-09-07 14:22:42.807 [restartedMain] INFO  o.flowable.spring.SpringProcessEngineConfiguration - Executing configure() of class org.flowable.eventregistry.spring.configurator.SpringEventRegistryConfigurator (priority:100000)
2026-09-07 14:22:42.807 [restartedMain] INFO  o.f.eventregistry.impl.EventRegistryEngineImpl - EventRegistryEngine default created
2026-09-07 14:22:42.807 [restartedMain] INFO  o.flowable.spring.SpringProcessEngineConfiguration - Executing configure() of class org.flowable.idm.engine.configurator.IdmEngineConfigurator (priority:150000)
2026-09-07 14:22:42.807 [restartedMain] INFO  org.flowable.idm.engine.impl.IdmEngineImpl - IdmEngine default created
2026-09-07 14:22:42.818 [restartedMain] INFO  org.flowable.engine.impl.ProcessEngineImpl - ProcessEngine default created
2026-09-07 14:22:42.820 [restartedMain] INFO  o.flowable.engine.impl.cmd.ValidateV5EntitiesCmd - Total of v5 deployments found: 0
2026-09-07 14:22:43.301 [restartedMain] WARN  o.s.b.w.s.s.c.AnnotationConfigServletWebServerApplicationContext - Exception encountered during context initialization - cancelling refresh attempt: org.springframework.beans.factory.UnsatisfiedDependencyException: Error creating bean with name 'publicationLifecycleScheduler' defined in file [/Users/gaomingchao/git/Chronos/Chronos/platform-message/target/classes/com/chronos/message/config/PublicationLifecycleScheduler.class]: Unsatisfied dependency expressed through constructor parameter 0: No qualifying bean of type 'com.chronos.message.service.iService.IPublicationService' available: expected at least 1 bean which qualifies as autowire candidate. Dependency annotations: {}
2026-09-07 14:22:43.310 [restartedMain] INFO  o.s.orm.jpa.LocalContainerEntityManagerFactoryBean - Closing JPA EntityManagerFactory for persistence unit 'default'
2026-09-07 14:22:43.311 [restartedMain] INFO  com.alibaba.druid.pool.DruidDataSource - {dataSource-2} closed
2026-09-07 14:22:43.311 [restartedMain] INFO  org.apache.catalina.core.StandardService - Stopping service [Tomcat]
2026-09-07 14:22:43.315 [restartedMain] INFO  o.s.b.a.logging.ConditionEvaluationReportLogger - 

Error starting ApplicationContext. To display the condition evaluation report re-run your application with 'debug' enabled.
2026-09-07 14:22:43.328 [restartedMain] ERROR o.s.b.diagnostics.LoggingFailureAnalysisReporter - 

***************************
APPLICATION FAILED TO START
***************************

Description:

Parameter 0 of constructor in com.chronos.message.config.PublicationLifecycleScheduler required a bean of type 'com.chronos.message.service.iService.IPublicationService' that could not be found.


Action:

Consider defining a bean of type 'com.chronos.message.service.iService.IPublicationService' in your configuration.

2026-09-07 14:26:11.300 [restartedMain] INFO  com.chronos.ChronosApplication - Starting ChronosApplication using Java 25.0.3 with PID 49137 (/Users/gaomingchao/git/Chronos/Chronos/hospital-app/target/classes started by gaomingchao in /Users/gaomingchao/git/Chronos/Chronos/hospital-app)
2026-09-07 14:26:11.300 [restartedMain] INFO  com.chronos.ChronosApplication - No active profile set, falling back to 1 default profile: "default"
2026-09-07 14:26:11.454 [restartedMain] INFO  o.s.d.r.config.RepositoryConfigurationDelegate - Multiple Spring Data modules found, entering strict repository configuration mode
2026-09-07 14:26:11.454 [restartedMain] INFO  o.s.d.r.config.RepositoryConfigurationDelegate - Bootstrapping Spring Data JPA repositories in DEFAULT mode.
2026-09-07 14:26:11.489 [restartedMain] INFO  o.s.d.r.config.RepositoryConfigurationDelegate - Finished Spring Data repository scanning in 33 ms. Found 52 JPA repository interfaces.
2026-09-07 14:26:11.541 [restartedMain] INFO  o.s.d.r.config.RepositoryConfigurationDelegate - Multiple Spring Data modules found, entering strict repository configuration mode
2026-09-07 14:26:11.541 [restartedMain] INFO  o.s.d.r.config.RepositoryConfigurationDelegate - Bootstrapping Spring Data Redis repositories in DEFAULT mode.
2026-09-07 14:26:11.549 [restartedMain] INFO  o.s.d.r.c.RepositoryConfigurationExtensionSupport - Spring Data Redis - Could not safely identify store assignment for repository candidate interface com.chronos.Idao.IAuditLogRepository; If you want this repository to be a Redis repository, consider annotating your entities with one of these annotations: org.springframework.data.redis.core.RedisHash (preferred), or consider extending one of the following types with your repository: org.springframework.data.keyvalue.repository.KeyValueRepository
2026-09-07 14:26:11.549 [restartedMain] INFO  o.s.d.r.c.RepositoryConfigurationExtensionSupport - Spring Data Redis - Could not safely identify store assignment for repository candidate interface com.chronos.Idao.IAdminUserRepository; If you want this repository to be a Redis repository, consider annotating your entities with one of these annotations: org.springframework.data.redis.core.RedisHash (preferred), or consider extending one of the following types with your repository: org.springframework.data.keyvalue.repository.KeyValueRepository
2026-09-07 14:26:11.549 [restartedMain] INFO  o.s.d.r.c.RepositoryConfigurationExtensionSupport - Spring Data Redis - Could not safely identify store assignment for repository candidate interface com.chronos.Idao.IConsumerUserRepository; If you want this repository to be a Redis repository, consider annotating your entities with one of these annotations: org.springframework.data.redis.core.RedisHash (preferred), or consider extending one of the following types with your repository: org.springframework.data.keyvalue.repository.KeyValueRepository
2026-09-07 14:26:11.549 [restartedMain] INFO  o.s.d.r.c.RepositoryConfigurationExtensionSupport - Spring Data Redis - Could not safely identify store assignment for repository candidate interface com.chronos.Idao.IDictRepository; If you want this repository to be a Redis repository, consider annotating your entities with one of these annotations: org.springframework.data.redis.core.RedisHash (preferred), or consider extending one of the following types with your repository: org.springframework.data.keyvalue.repository.KeyValueRepository
2026-09-07 14:26:11.549 [restartedMain] INFO  o.s.d.r.c.RepositoryConfigurationExtensionSupport - Spring Data Redis - Could not safely identify store assignment for repository candidate interface com.chronos.Idao.IEmployeeAssignmentRepository; If you want this repository to be a Redis repository, consider annotating your entities with one of these annotations: org.springframework.data.redis.core.RedisHash (preferred), or consider extending one of the following types with your repository: org.springframework.data.keyvalue.repository.KeyValueRepository
2026-09-07 14:26:11.549 [restartedMain] INFO  o.s.d.r.c.RepositoryConfigurationExtensionSupport - Spring Data Redis - Could not safely identify store assignment for repository candidate interface com.chronos.Idao.IEmployeeRepository; If you want this repository to be a Redis repository, consider annotating your entities with one of these annotations: org.springframework.data.redis.core.RedisHash (preferred), or consider extending one of the following types with your repository: org.springframework.data.keyvalue.repository.KeyValueRepository
2026-09-07 14:26:11.549 [restartedMain] INFO  o.s.d.r.c.RepositoryConfigurationExtensionSupport - Spring Data Redis - Could not safely identify store assignment for repository candidate interface com.chronos.Idao.IJobLevelRepository; If you want this repository to be a Redis repository, consider annotating your entities with one of these annotations: org.springframework.data.redis.core.RedisHash (preferred), or consider extending one of the following types with your repository: org.springframework.data.keyvalue.repository.KeyValueRepository
2026-09-07 14:26:11.549 [restartedMain] INFO  o.s.d.r.c.RepositoryConfigurationExtensionSupport - Spring Data Redis - Could not safely identify store assignment for repository candidate interface com.chronos.Idao.IJobTitleRepository; If you want this repository to be a Redis repository, consider annotating your entities with one of these annotations: org.springframework.data.redis.core.RedisHash (preferred), or consider extending one of the following types with your repository: org.springframework.data.keyvalue.repository.KeyValueRepository
2026-09-07 14:26:11.549 [restartedMain] INFO  o.s.d.r.c.RepositoryConfigurationExtensionSupport - Spring Data Redis - Could not safely identify store assignment for repository candidate interface com.chronos.Idao.IMenuRepository; If you want this repository to be a Redis repository, consider annotating your entities with one of these annotations: org.springframework.data.redis.core.RedisHash (preferred), or consider extending one of the following types with your repository: org.springframework.data.keyvalue.repository.KeyValueRepository
2026-09-07 14:26:11.550 [restartedMain] INFO  o.s.d.r.c.RepositoryConfigurationExtensionSupport - Spring Data Redis - Could not safely identify store assignment for repository candidate interface com.chronos.Idao.IOrganizationRepository; If you want this repository to be a Redis repository, consider annotating your entities with one of these annotations: org.springframework.data.redis.core.RedisHash (preferred), or consider extending one of the following types with your repository: org.springframework.data.keyvalue.repository.KeyValueRepository
2026-09-07 14:26:11.550 [restartedMain] INFO  o.s.d.r.c.RepositoryConfigurationExtensionSupport - Spring Data Redis - Could not safely identify store assignment for repository candidate interface com.chronos.Idao.IOrganizationUnitRepository; If you want this repository to be a Redis repository, consider annotating your entities with one of these annotations: org.springframework.data.redis.core.RedisHash (preferred), or consider extending one of the following types with your repository: org.springframework.data.keyvalue.repository.KeyValueRepository
2026-09-07 14:26:11.550 [restartedMain] INFO  o.s.d.r.c.RepositoryConfigurationExtensionSupport - Spring Data Redis - Could not safely identify store assignment for repository candidate interface com.chronos.Idao.IPermissionRepository; If you want this repository to be a Redis repository, consider annotating your entities with one of these annotations: org.springframework.data.redis.core.RedisHash (preferred), or consider extending one of the following types with your repository: org.springframework.data.keyvalue.repository.KeyValueRepository
2026-09-07 14:26:11.550 [restartedMain] INFO  o.s.d.r.c.RepositoryConfigurationExtensionSupport - Spring Data Redis - Could not safely identify store assignment for repository candidate interface com.chronos.Idao.IPortalApplicationRepository; If you want this repository to be a Redis repository, consider annotating your entities with one of these annotations: org.springframework.data.redis.core.RedisHash (preferred), or consider extending one of the following types with your repository: org.springframework.data.keyvalue.repository.KeyValueRepository
2026-09-07 14:26:11.550 [restartedMain] INFO  o.s.d.r.c.RepositoryConfigurationExtensionSupport - Spring Data Redis - Could not safely identify store assignment for repository candidate interface com.chronos.Idao.IPortalWidgetRepository; If you want this repository to be a Redis repository, consider annotating your entities with one of these annotations: org.springframework.data.redis.core.RedisHash (preferred), or consider extending one of the following types with your repository: org.springframework.data.keyvalue.repository.KeyValueRepository
2026-09-07 14:26:11.550 [restartedMain] INFO  o.s.d.r.c.RepositoryConfigurationExtensionSupport - Spring Data Redis - Could not safely identify store assignment for repository candidate interface com.chronos.Idao.IPositionRepository; If you want this repository to be a Redis repository, consider annotating your entities with one of these annotations: org.springframework.data.redis.core.RedisHash (preferred), or consider extending one of the following types with your repository: org.springframework.data.keyvalue.repository.KeyValueRepository
2026-09-07 14:26:11.550 [restartedMain] INFO  o.s.d.r.c.RepositoryConfigurationExtensionSupport - Spring Data Redis - Could not safely identify store assignment for repository candidate interface com.chronos.Idao.IRefreshTokenRepository; If you want this repository to be a Redis repository, consider annotating your entities with one of these annotations: org.springframework.data.redis.core.RedisHash (preferred), or consider extending one of the following types with your repository: org.springframework.data.keyvalue.repository.KeyValueRepository
2026-09-07 14:26:11.550 [restartedMain] INFO  o.s.d.r.c.RepositoryConfigurationExtensionSupport - Spring Data Redis - Could not safely identify store assignment for repository candidate interface com.chronos.Idao.IRoleDataScopeRepository; If you want this repository to be a Redis repository, consider annotating your entities with one of these annotations: org.springframework.data.redis.core.RedisHash (preferred), or consider extending one of the following types with your repository: org.springframework.data.keyvalue.repository.KeyValueRepository
2026-09-07 14:26:11.550 [restartedMain] INFO  o.s.d.r.c.RepositoryConfigurationExtensionSupport - Spring Data Redis - Could not safely identify store assignment for repository candidate interface com.chronos.Idao.IRoleMenuPermissionRepository; If you want this repository to be a Redis repository, consider annotating your entities with one of these annotations: org.springframework.data.redis.core.RedisHash (preferred), or consider extending one of the following types with your repository: org.springframework.data.keyvalue.repository.KeyValueRepository
2026-09-07 14:26:11.550 [restartedMain] INFO  o.s.d.r.c.RepositoryConfigurationExtensionSupport - Spring Data Redis - Could not safely identify store assignment for repository candidate interface com.chronos.Idao.IRolePermissionRepository; If you want this repository to be a Redis repository, consider annotating your entities with one of these annotations: org.springframework.data.redis.core.RedisHash (preferred), or consider extending one of the following types with your repository: org.springframework.data.keyvalue.repository.KeyValueRepository
2026-09-07 14:26:11.550 [restartedMain] INFO  o.s.d.r.c.RepositoryConfigurationExtensionSupport - Spring Data Redis - Could not safely identify store assignment for repository candidate interface com.chronos.Idao.IRoleRepository; If you want this repository to be a Redis repository, consider annotating your entities with one of these annotations: org.springframework.data.redis.core.RedisHash (preferred), or consider extending one of the following types with your repository: org.springframework.data.keyvalue.repository.KeyValueRepository
2026-09-07 14:26:11.550 [restartedMain] INFO  o.s.d.r.c.RepositoryConfigurationExtensionSupport - Spring Data Redis - Could not safely identify store assignment for repository candidate interface com.chronos.Idao.IUserPortalApplicationRepository; If you want this repository to be a Redis repository, consider annotating your entities with one of these annotations: org.springframework.data.redis.core.RedisHash (preferred), or consider extending one of the following types with your repository: org.springframework.data.keyvalue.repository.KeyValueRepository
2026-09-07 14:26:11.551 [restartedMain] INFO  o.s.d.r.c.RepositoryConfigurationExtensionSupport - Spring Data Redis - Could not safely identify store assignment for repository candidate interface com.chronos.Idao.IUserPortalPreferenceRepository; If you want this repository to be a Redis repository, consider annotating your entities with one of these annotations: org.springframework.data.redis.core.RedisHash (preferred), or consider extending one of the following types with your repository: org.springframework.data.keyvalue.repository.KeyValueRepository
2026-09-07 14:26:11.551 [restartedMain] INFO  o.s.d.r.c.RepositoryConfigurationExtensionSupport - Spring Data Redis - Could not safely identify store assignment for repository candidate interface com.chronos.Idao.form.IFormDefinitionRepository; If you want this repository to be a Redis repository, consider annotating your entities with one of these annotations: org.springframework.data.redis.core.RedisHash (preferred), or consider extending one of the following types with your repository: org.springframework.data.keyvalue.repository.KeyValueRepository
2026-09-07 14:26:11.551 [restartedMain] INFO  o.s.d.r.c.RepositoryConfigurationExtensionSupport - Spring Data Redis - Could not safely identify store assignment for repository candidate interface com.chronos.Idao.form.IFormFieldRepository; If you want this repository to be a Redis repository, consider annotating your entities with one of these annotations: org.springframework.data.redis.core.RedisHash (preferred), or consider extending one of the following types with your repository: org.springframework.data.keyvalue.repository.KeyValueRepository
2026-09-07 14:26:11.551 [restartedMain] INFO  o.s.d.r.c.RepositoryConfigurationExtensionSupport - Spring Data Redis - Could not safely identify store assignment for repository candidate interface com.chronos.Idao.form.IFormInstanceRepository; If you want this repository to be a Redis repository, consider annotating your entities with one of these annotations: org.springframework.data.redis.core.RedisHash (preferred), or consider extending one of the following types with your repository: org.springframework.data.keyvalue.repository.KeyValueRepository
2026-09-07 14:26:11.551 [restartedMain] INFO  o.s.d.r.c.RepositoryConfigurationExtensionSupport - Spring Data Redis - Could not safely identify store assignment for repository candidate interface com.chronos.Idao.workflow.IWorkflowAiSettingRepository; If you want this repository to be a Redis repository, consider annotating your entities with one of these annotations: org.springframework.data.redis.core.RedisHash (preferred), or consider extending one of the following types with your repository: org.springframework.data.keyvalue.repository.KeyValueRepository
2026-09-07 14:26:11.551 [restartedMain] INFO  o.s.d.r.c.RepositoryConfigurationExtensionSupport - Spring Data Redis - Could not safely identify store assignment for repository candidate interface com.chronos.Idao.workflow.IWorkflowDefinitionAclRepository; If you want this repository to be a Redis repository, consider annotating your entities with one of these annotations: org.springframework.data.redis.core.RedisHash (preferred), or consider extending one of the following types with your repository: org.springframework.data.keyvalue.repository.KeyValueRepository
2026-09-07 14:26:11.551 [restartedMain] INFO  o.s.d.r.c.RepositoryConfigurationExtensionSupport - Spring Data Redis - Could not safely identify store assignment for repository candidate interface com.chronos.Idao.workflow.IWorkflowDefinitionRepository; If you want this repository to be a Redis repository, consider annotating your entities with one of these annotations: org.springframework.data.redis.core.RedisHash (preferred), or consider extending one of the following types with your repository: org.springframework.data.keyvalue.repository.KeyValueRepository
2026-09-07 14:26:11.551 [restartedMain] INFO  o.s.d.r.c.RepositoryConfigurationExtensionSupport - Spring Data Redis - Could not safely identify store assignment for repository candidate interface com.chronos.Idao.workflow.IWorkflowDelegationRepository; If you want this repository to be a Redis repository, consider annotating your entities with one of these annotations: org.springframework.data.redis.core.RedisHash (preferred), or consider extending one of the following types with your repository: org.springframework.data.keyvalue.repository.KeyValueRepository
2026-09-07 14:26:11.551 [restartedMain] INFO  o.s.d.r.c.RepositoryConfigurationExtensionSupport - Spring Data Redis - Could not safely identify store assignment for repository candidate interface com.chronos.Idao.workflow.IWorkflowEdgeRepository; If you want this repository to be a Redis repository, consider annotating your entities with one of these annotations: org.springframework.data.redis.core.RedisHash (preferred), or consider extending one of the following types with your repository: org.springframework.data.keyvalue.repository.KeyValueRepository
2026-09-07 14:26:11.551 [restartedMain] INFO  o.s.d.r.c.RepositoryConfigurationExtensionSupport - Spring Data Redis - Could not safely identify store assignment for repository candidate interface com.chronos.Idao.workflow.IWorkflowExecutionLogRepository; If you want this repository to be a Redis repository, consider annotating your entities with one of these annotations: org.springframework.data.redis.core.RedisHash (preferred), or consider extending one of the following types with your repository: org.springframework.data.keyvalue.repository.KeyValueRepository
2026-09-07 14:26:11.551 [restartedMain] INFO  o.s.d.r.c.RepositoryConfigurationExtensionSupport - Spring Data Redis - Could not safely identify store assignment for repository candidate interface com.chronos.Idao.workflow.IWorkflowIdempotencyRepository; If you want this repository to be a Redis repository, consider annotating your entities with one of these annotations: org.springframework.data.redis.core.RedisHash (preferred), or consider extending one of the following types with your repository: org.springframework.data.keyvalue.repository.KeyValueRepository
2026-09-07 14:26:11.551 [restartedMain] INFO  o.s.d.r.c.RepositoryConfigurationExtensionSupport - Spring Data Redis - Could not safely identify store assignment for repository candidate interface com.chronos.Idao.workflow.IWorkflowIncidentRepository; If you want this repository to be a Redis repository, consider annotating your entities with one of these annotations: org.springframework.data.redis.core.RedisHash (preferred), or consider extending one of the following types with your repository: org.springframework.data.keyvalue.repository.KeyValueRepository
2026-09-07 14:26:11.551 [restartedMain] INFO  o.s.d.r.c.RepositoryConfigurationExtensionSupport - Spring Data Redis - Could not safely identify store assignment for repository candidate interface com.chronos.Idao.workflow.IWorkflowInstanceParticipantRepository; If you want this repository to be a Redis repository, consider annotating your entities with one of these annotations: org.springframework.data.redis.core.RedisHash (preferred), or consider extending one of the following types with your repository: org.springframework.data.keyvalue.repository.KeyValueRepository
2026-09-07 14:26:11.551 [restartedMain] INFO  o.s.d.r.c.RepositoryConfigurationExtensionSupport - Spring Data Redis - Could not safely identify store assignment for repository candidate interface com.chronos.Idao.workflow.IWorkflowInstanceRepository; If you want this repository to be a Redis repository, consider annotating your entities with one of these annotations: org.springframework.data.redis.core.RedisHash (preferred), or consider extending one of the following types with your repository: org.springframework.data.keyvalue.repository.KeyValueRepository
2026-09-07 14:26:11.551 [restartedMain] INFO  o.s.d.r.c.RepositoryConfigurationExtensionSupport - Spring Data Redis - Could not safely identify store assignment for repository candidate interface com.chronos.Idao.workflow.IWorkflowNodeRepository; If you want this repository to be a Redis repository, consider annotating your entities with one of these annotations: org.springframework.data.redis.core.RedisHash (preferred), or consider extending one of the following types with your repository: org.springframework.data.keyvalue.repository.KeyValueRepository
2026-09-07 14:26:11.551 [restartedMain] INFO  o.s.d.r.c.RepositoryConfigurationExtensionSupport - Spring Data Redis - Could not safely identify store assignment for repository candidate interface com.chronos.Idao.workflow.IWorkflowNotificationRepository; If you want this repository to be a Redis repository, consider annotating your entities with one of these annotations: org.springframework.data.redis.core.RedisHash (preferred), or consider extending one of the following types with your repository: org.springframework.data.keyvalue.repository.KeyValueRepository
2026-09-07 14:26:11.551 [restartedMain] INFO  o.s.d.r.c.RepositoryConfigurationExtensionSupport - Spring Data Redis - Could not safely identify store assignment for repository candidate interface com.chronos.Idao.workflow.IWorkflowOutboxRepository; If you want this repository to be a Redis repository, consider annotating your entities with one of these annotations: org.springframework.data.redis.core.RedisHash (preferred), or consider extending one of the following types with your repository: org.springframework.data.keyvalue.repository.KeyValueRepository
2026-09-07 14:26:11.551 [restartedMain] INFO  o.s.d.r.c.RepositoryConfigurationExtensionSupport - Spring Data Redis - Could not safely identify store assignment for repository candidate interface com.chronos.Idao.workflow.IWorkflowReviewRepository; If you want this repository to be a Redis repository, consider annotating your entities with one of these annotations: org.springframework.data.redis.core.RedisHash (preferred), or consider extending one of the following types with your repository: org.springframework.data.keyvalue.repository.KeyValueRepository
2026-09-07 14:26:11.551 [restartedMain] INFO  o.s.d.r.c.RepositoryConfigurationExtensionSupport - Spring Data Redis - Could not safely identify store assignment for repository candidate interface com.chronos.Idao.workflow.IWorkflowTaskCandidateRepository; If you want this repository to be a Redis repository, consider annotating your entities with one of these annotations: org.springframework.data.redis.core.RedisHash (preferred), or consider extending one of the following types with your repository: org.springframework.data.keyvalue.repository.KeyValueRepository
2026-09-07 14:26:11.551 [restartedMain] INFO  o.s.d.r.c.RepositoryConfigurationExtensionSupport - Spring Data Redis - Could not safely identify store assignment for repository candidate interface com.chronos.Idao.workflow.IWorkflowTaskRepository; If you want this repository to be a Redis repository, consider annotating your entities with one of these annotations: org.springframework.data.redis.core.RedisHash (preferred), or consider extending one of the following types with your repository: org.springframework.data.keyvalue.repository.KeyValueRepository
2026-09-07 14:26:11.552 [restartedMain] INFO  o.s.d.r.c.RepositoryConfigurationExtensionSupport - Spring Data Redis - Could not safely identify store assignment for repository candidate interface com.chronos.message.Idao.INotificationChannelPolicyRepository; If you want this repository to be a Redis repository, consider annotating your entities with one of these annotations: org.springframework.data.redis.core.RedisHash (preferred), or consider extending one of the following types with your repository: org.springframework.data.keyvalue.repository.KeyValueRepository
2026-09-07 14:26:11.552 [restartedMain] INFO  o.s.d.r.c.RepositoryConfigurationExtensionSupport - Spring Data Redis - Could not safely identify store assignment for repository candidate interface com.chronos.message.Idao.INotificationChannelPreferenceRepository; If you want this repository to be a Redis repository, consider annotating your entities with one of these annotations: org.springframework.data.redis.core.RedisHash (preferred), or consider extending one of the following types with your repository: org.springframework.data.keyvalue.repository.KeyValueRepository
2026-09-07 14:26:11.552 [restartedMain] INFO  o.s.d.r.c.RepositoryConfigurationExtensionSupport - Spring Data Redis - Could not safely identify store assignment for repository candidate interface com.chronos.message.Idao.INotificationTemplateRepository; If you want this repository to be a Redis repository, consider annotating your entities with one of these annotations: org.springframework.data.redis.core.RedisHash (preferred), or consider extending one of the following types with your repository: org.springframework.data.keyvalue.repository.KeyValueRepository
2026-09-07 14:26:11.552 [restartedMain] INFO  o.s.d.r.c.RepositoryConfigurationExtensionSupport - Spring Data Redis - Could not safely identify store assignment for repository candidate interface com.chronos.message.Idao.IPublicationAttachmentRepository; If you want this repository to be a Redis repository, consider annotating your entities with one of these annotations: org.springframework.data.redis.core.RedisHash (preferred), or consider extending one of the following types with your repository: org.springframework.data.keyvalue.repository.KeyValueRepository
2026-09-07 14:26:11.552 [restartedMain] INFO  o.s.d.r.c.RepositoryConfigurationExtensionSupport - Spring Data Redis - Could not safely identify store assignment for repository candidate interface com.chronos.message.Idao.IPublicationAudienceRepository; If you want this repository to be a Redis repository, consider annotating your entities with one of these annotations: org.springframework.data.redis.core.RedisHash (preferred), or consider extending one of the following types with your repository: org.springframework.data.keyvalue.repository.KeyValueRepository
2026-09-07 14:26:11.552 [restartedMain] INFO  o.s.d.r.c.RepositoryConfigurationExtensionSupport - Spring Data Redis - Could not safely identify store assignment for repository candidate interface com.chronos.message.Idao.IPublicationDeliveryRepository; If you want this repository to be a Redis repository, consider annotating your entities with one of these annotations: org.springframework.data.redis.core.RedisHash (preferred), or consider extending one of the following types with your repository: org.springframework.data.keyvalue.repository.KeyValueRepository
2026-09-07 14:26:11.552 [restartedMain] INFO  o.s.d.r.c.RepositoryConfigurationExtensionSupport - Spring Data Redis - Could not safely identify store assignment for repository candidate interface com.chronos.message.Idao.IPublicationReadRepository; If you want this repository to be a Redis repository, consider annotating your entities with one of these annotations: org.springframework.data.redis.core.RedisHash (preferred), or consider extending one of the following types with your repository: org.springframework.data.keyvalue.repository.KeyValueRepository
2026-09-07 14:26:11.552 [restartedMain] INFO  o.s.d.r.c.RepositoryConfigurationExtensionSupport - Spring Data Redis - Could not safely identify store assignment for repository candidate interface com.chronos.message.Idao.IPublicationRecipientRepository; If you want this repository to be a Redis repository, consider annotating your entities with one of these annotations: org.springframework.data.redis.core.RedisHash (preferred), or consider extending one of the following types with your repository: org.springframework.data.keyvalue.repository.KeyValueRepository
2026-09-07 14:26:11.552 [restartedMain] INFO  o.s.d.r.c.RepositoryConfigurationExtensionSupport - Spring Data Redis - Could not safely identify store assignment for repository candidate interface com.chronos.message.Idao.IPublicationRepository; If you want this repository to be a Redis repository, consider annotating your entities with one of these annotations: org.springframework.data.redis.core.RedisHash (preferred), or consider extending one of the following types with your repository: org.springframework.data.keyvalue.repository.KeyValueRepository
2026-09-07 14:26:11.552 [restartedMain] INFO  o.s.d.r.c.RepositoryConfigurationExtensionSupport - Spring Data Redis - Could not safely identify store assignment for repository candidate interface com.chronos.message.Idao.IPublicationVersionRepository; If you want this repository to be a Redis repository, consider annotating your entities with one of these annotations: org.springframework.data.redis.core.RedisHash (preferred), or consider extending one of the following types with your repository: org.springframework.data.keyvalue.repository.KeyValueRepository
2026-09-07 14:26:11.552 [restartedMain] INFO  o.s.d.r.c.RepositoryConfigurationExtensionSupport - Spring Data Redis - Could not safely identify store assignment for repository candidate interface com.chronos.industry.dao.IndustryTemplateInstallationRepository; If you want this repository to be a Redis repository, consider annotating your entities with one of these annotations: org.springframework.data.redis.core.RedisHash (preferred), or consider extending one of the following types with your repository: org.springframework.data.keyvalue.repository.KeyValueRepository
2026-09-07 14:26:11.552 [restartedMain] INFO  o.s.d.r.config.RepositoryConfigurationDelegate - Finished Spring Data repository scanning in 11 ms. Found 0 Redis repository interfaces.
2026-09-07 14:26:11.676 [restartedMain] INFO  org.springframework.boot.tomcat.TomcatWebServer - Tomcat initialized with port 8080 (http)
2026-09-07 14:26:11.679 [restartedMain] INFO  org.apache.coyote.http11.Http11NioProtocol - Initializing ProtocolHandler ["http-nio-8080"]
2026-09-07 14:26:11.680 [restartedMain] INFO  org.apache.catalina.core.StandardService - Starting service [Tomcat]
2026-09-07 14:26:11.680 [restartedMain] INFO  org.apache.catalina.core.StandardEngine - Starting Servlet engine: [Apache Tomcat/11.0.22]
2026-09-07 14:26:11.692 [restartedMain] INFO  o.s.b.w.c.servlet.WebApplicationContextInitializer - Root WebApplicationContext: initialization completed in 391 ms
2026-09-07 14:26:11.747 [restartedMain] INFO  org.hibernate.orm.jpa - HHH008540: Processing PersistenceUnitInfo [name: default]
2026-09-07 14:26:11.770 [restartedMain] INFO  o.s.o.j.persistenceunit.SpringPersistenceUnitInfo - No LoadTimeWeaver setup: ignoring JPA class transformer
2026-09-07 14:26:11.772 [restartedMain] INFO  com.alibaba.druid.pool.DruidDataSource - {dataSource-3} inited
2026-09-07 14:26:11.795 [restartedMain] WARN  org.hibernate.orm.deprecation - HHH90000025: PostgreSQLDialect does not need to be specified explicitly using 'hibernate.dialect' (remove the property setting and it will be selected by default)
2026-09-07 14:26:11.797 [restartedMain] INFO  org.hibernate.orm.connections.pooling - HHH10001005: Database info:
	Database JDBC URL [jdbc:postgresql://localhost:5432/Chronos]
	Database driver: PostgreSQL JDBC Driver
	Database dialect: PostgreSQLDialect
	Database version: 17.10
	Default catalog/schema: Chronos/public
	Autocommit mode: undefined/unknown
	Isolation level: READ_COMMITTED [default READ_COMMITTED]
	JDBC fetch size: none
	Pool: DataSourceConnectionProvider
	Minimum pool size: undefined/unknown
	Maximum pool size: undefined/unknown
2026-09-07 14:26:12.143 [restartedMain] INFO  org.hibernate.orm.core - HHH000489: No JTA platform available (set 'hibernate.transaction.jta.platform' to enable JTA platform integration)
2026-09-07 14:26:12.201 [restartedMain] WARN  org.hibernate.orm.jdbc.warn - HHH000247: ErrorCode: 0, SQLState: 00000
2026-09-07 14:26:12.201 [restartedMain] WARN  org.hibernate.orm.jdbc.warn - constraint "ukd6ylih4b3kixsdva9tfijc4m7" of relation "msg_channel_policy" does not exist, skipping
2026-09-07 14:26:12.204 [restartedMain] WARN  org.hibernate.orm.jdbc.warn - HHH000247: ErrorCode: 0, SQLState: 00000
2026-09-07 14:26:12.204 [restartedMain] WARN  org.hibernate.orm.jdbc.warn - constraint "uk_msg_channel_preference" of relation "msg_channel_preference" does not exist, skipping
2026-09-07 14:26:12.206 [restartedMain] WARN  org.hibernate.orm.jdbc.warn - HHH000247: ErrorCode: 0, SQLState: 00000
2026-09-07 14:26:12.206 [restartedMain] WARN  org.hibernate.orm.jdbc.warn - constraint "uk_msg_notification_template" of relation "msg_notification_template" does not exist, skipping
2026-09-07 14:26:12.216 [restartedMain] INFO  o.s.orm.jpa.LocalContainerEntityManagerFactoryBean - Initialized JPA EntityManagerFactory for persistence unit 'default'
2026-09-07 14:26:12.427 [restartedMain] INFO  o.s.s.c.a.a.c.InitializeUserDetailsBeanManagerConfigurer$InitializeUserDetailsManagerConfigurer - Global AuthenticationManager configured with UserDetailsService bean with name adminUserDetailsService
2026-09-07 14:26:12.698 [restartedMain] INFO  o.f.s.b.e.EventRegistryAutoConfiguration - No deployment resources were found for autodeployment
2026-09-07 14:26:12.757 [restartedMain] INFO  o.f.spring.boot.ProcessEngineAutoConfiguration - No deployment resources were found for autodeployment
2026-09-07 14:26:12.764 [restartedMain] INFO  o.f.c.engine.impl.async.DefaultAsyncTaskExecutor - Creating thread pool queue of size 100
2026-09-07 14:26:12.764 [restartedMain] INFO  o.f.c.engine.impl.async.DefaultAsyncTaskExecutor - Creating thread factory with naming pattern flowable-async-task-invoker-%d
2026-09-07 14:26:12.764 [restartedMain] INFO  o.f.c.engine.impl.async.DefaultAsyncTaskExecutor - Creating executor service with corePoolSize 8, maxPoolSize 8 and keepAliveTime 5000
2026-09-07 14:26:12.838 [restartedMain] INFO  o.flowable.spring.SpringProcessEngineConfiguration - Found 2 Engine Configurators in total:
2026-09-07 14:26:12.838 [restartedMain] INFO  o.flowable.spring.SpringProcessEngineConfiguration - class org.flowable.eventregistry.spring.configurator.SpringEventRegistryConfigurator (priority:100000)
2026-09-07 14:26:12.838 [restartedMain] INFO  o.flowable.spring.SpringProcessEngineConfiguration - class org.flowable.idm.engine.configurator.IdmEngineConfigurator (priority:150000)
2026-09-07 14:26:12.838 [restartedMain] INFO  o.flowable.spring.SpringProcessEngineConfiguration - Executing beforeInit() of class org.flowable.eventregistry.spring.configurator.SpringEventRegistryConfigurator (priority:100000)
2026-09-07 14:26:12.839 [restartedMain] INFO  o.flowable.spring.SpringProcessEngineConfiguration - Executing beforeInit() of class org.flowable.idm.engine.configurator.IdmEngineConfigurator (priority:150000)
2026-09-07 14:26:13.014 [restartedMain] INFO  o.flowable.spring.SpringProcessEngineConfiguration - Executing configure() of class org.flowable.eventregistry.spring.configurator.SpringEventRegistryConfigurator (priority:100000)
2026-09-07 14:26:13.014 [restartedMain] INFO  o.f.eventregistry.impl.EventRegistryEngineImpl - EventRegistryEngine default created
2026-09-07 14:26:13.014 [restartedMain] INFO  o.flowable.spring.SpringProcessEngineConfiguration - Executing configure() of class org.flowable.idm.engine.configurator.IdmEngineConfigurator (priority:150000)
2026-09-07 14:26:13.014 [restartedMain] INFO  org.flowable.idm.engine.impl.IdmEngineImpl - IdmEngine default created
2026-09-07 14:26:13.026 [restartedMain] INFO  org.flowable.engine.impl.ProcessEngineImpl - ProcessEngine default created
2026-09-07 14:26:13.028 [restartedMain] INFO  o.flowable.engine.impl.cmd.ValidateV5EntitiesCmd - Total of v5 deployments found: 0
2026-09-07 14:26:13.196 [restartedMain] WARN  o.s.b.w.s.s.c.AnnotationConfigServletWebServerApplicationContext - Exception encountered during context initialization - cancelling refresh attempt: org.springframework.beans.factory.UnsatisfiedDependencyException: Error creating bean with name 'portalAggregationController' defined in file [/Users/gaomingchao/git/Chronos/Chronos/platform-iam/target/classes/com/chronos/controller/PortalAggregationController.class]: Unsatisfied dependency expressed through constructor parameter 1: Error creating bean with name 'noticePortalContributionProvider' defined in file [/Users/gaomingchao/git/Chronos/Chronos/platform-message/target/classes/com/chronos/message/portal/NoticePortalContributionProvider.class]: Unsatisfied dependency expressed through constructor parameter 0: No qualifying bean of type 'com.chronos.message.service.iService.IPublicationService' available: expected at least 1 bean which qualifies as autowire candidate. Dependency annotations: {}
2026-09-07 14:26:13.204 [restartedMain] INFO  o.s.orm.jpa.LocalContainerEntityManagerFactoryBean - Closing JPA EntityManagerFactory for persistence unit 'default'
2026-09-07 14:26:13.205 [restartedMain] INFO  com.alibaba.druid.pool.DruidDataSource - {dataSource-3} closed
2026-09-07 14:26:13.205 [restartedMain] INFO  org.apache.catalina.core.StandardService - Stopping service [Tomcat]
2026-09-07 14:26:13.207 [restartedMain] INFO  o.s.b.a.logging.ConditionEvaluationReportLogger - 

Error starting ApplicationContext. To display the condition evaluation report re-run your application with 'debug' enabled.
2026-09-07 14:26:13.211 [restartedMain] ERROR o.s.b.diagnostics.LoggingFailureAnalysisReporter - 

***************************
APPLICATION FAILED TO START
***************************

Description:

Parameter 0 of constructor in com.chronos.message.portal.NoticePortalContributionProvider required a bean of type 'com.chronos.message.service.iService.IPublicationService' that could not be found.


Action:

Consider defining a bean of type 'com.chronos.message.service.iService.IPublicationService' in your configuration.

2026-09-07 17:40:47.898 [background-preinit] INFO  org.hibernate.validator.internal.util.Version - HV000001: Hibernate Validator 9.0.1.Final
2026-09-07 17:40:47.930 [restartedMain] INFO  com.chronos.ChronosApplication - Starting ChronosApplication using Java 25.0.3 with PID 73008 (/Users/gaomingchao/git/Chronos/Chronos/hospital-app/target/classes started by gaomingchao in /Users/gaomingchao/git/Chronos/Chronos/hospital-app)
2026-09-07 17:40:47.931 [restartedMain] INFO  com.chronos.ChronosApplication - No active profile set, falling back to 1 default profile: "default"
2026-09-07 17:40:47.960 [restartedMain] INFO  o.s.b.d.env.DevToolsPropertyDefaultsPostProcessor - Devtools property defaults active! Set 'spring.devtools.add-properties' to 'false' to disable
2026-09-07 17:40:47.960 [restartedMain] INFO  o.s.b.d.env.DevToolsPropertyDefaultsPostProcessor - For additional web related logging consider setting the 'logging.level.web' property to 'DEBUG'
2026-09-07 17:40:48.414 [restartedMain] INFO  o.s.d.r.config.RepositoryConfigurationDelegate - Multiple Spring Data modules found, entering strict repository configuration mode
2026-09-07 17:40:48.414 [restartedMain] INFO  o.s.d.r.config.RepositoryConfigurationDelegate - Bootstrapping Spring Data JPA repositories in DEFAULT mode.
2026-09-07 17:40:48.526 [restartedMain] INFO  o.s.d.r.config.RepositoryConfigurationDelegate - Finished Spring Data repository scanning in 107 ms. Found 52 JPA repository interfaces.
2026-09-07 17:40:48.691 [restartedMain] INFO  o.s.d.r.config.RepositoryConfigurationDelegate - Multiple Spring Data modules found, entering strict repository configuration mode
2026-09-07 17:40:48.691 [restartedMain] INFO  o.s.d.r.config.RepositoryConfigurationDelegate - Bootstrapping Spring Data Redis repositories in DEFAULT mode.
2026-09-07 17:40:48.711 [restartedMain] INFO  o.s.d.r.c.RepositoryConfigurationExtensionSupport - Spring Data Redis - Could not safely identify store assignment for repository candidate interface com.chronos.Idao.IAuditLogRepository; If you want this repository to be a Redis repository, consider annotating your entities with one of these annotations: org.springframework.data.redis.core.RedisHash (preferred), or consider extending one of the following types with your repository: org.springframework.data.keyvalue.repository.KeyValueRepository
2026-09-07 17:40:48.711 [restartedMain] INFO  o.s.d.r.c.RepositoryConfigurationExtensionSupport - Spring Data Redis - Could not safely identify store assignment for repository candidate interface com.chronos.Idao.IAdminUserRepository; If you want this repository to be a Redis repository, consider annotating your entities with one of these annotations: org.springframework.data.redis.core.RedisHash (preferred), or consider extending one of the following types with your repository: org.springframework.data.keyvalue.repository.KeyValueRepository
2026-09-07 17:40:48.712 [restartedMain] INFO  o.s.d.r.c.RepositoryConfigurationExtensionSupport - Spring Data Redis - Could not safely identify store assignment for repository candidate interface com.chronos.Idao.IConsumerUserRepository; If you want this repository to be a Redis repository, consider annotating your entities with one of these annotations: org.springframework.data.redis.core.RedisHash (preferred), or consider extending one of the following types with your repository: org.springframework.data.keyvalue.repository.KeyValueRepository
2026-09-07 17:40:48.712 [restartedMain] INFO  o.s.d.r.c.RepositoryConfigurationExtensionSupport - Spring Data Redis - Could not safely identify store assignment for repository candidate interface com.chronos.Idao.IDictRepository; If you want this repository to be a Redis repository, consider annotating your entities with one of these annotations: org.springframework.data.redis.core.RedisHash (preferred), or consider extending one of the following types with your repository: org.springframework.data.keyvalue.repository.KeyValueRepository
2026-09-07 17:40:48.713 [restartedMain] INFO  o.s.d.r.c.RepositoryConfigurationExtensionSupport - Spring Data Redis - Could not safely identify store assignment for repository candidate interface com.chronos.Idao.IEmployeeAssignmentRepository; If you want this repository to be a Redis repository, consider annotating your entities with one of these annotations: org.springframework.data.redis.core.RedisHash (preferred), or consider extending one of the following types with your repository: org.springframework.data.keyvalue.repository.KeyValueRepository
2026-09-07 17:40:48.713 [restartedMain] INFO  o.s.d.r.c.RepositoryConfigurationExtensionSupport - Spring Data Redis - Could not safely identify store assignment for repository candidate interface com.chronos.Idao.IEmployeeRepository; If you want this repository to be a Redis repository, consider annotating your entities with one of these annotations: org.springframework.data.redis.core.RedisHash (preferred), or consider extending one of the following types with your repository: org.springframework.data.keyvalue.repository.KeyValueRepository
2026-09-07 17:40:48.713 [restartedMain] INFO  o.s.d.r.c.RepositoryConfigurationExtensionSupport - Spring Data Redis - Could not safely identify store assignment for repository candidate interface com.chronos.Idao.IJobLevelRepository; If you want this repository to be a Redis repository, consider annotating your entities with one of these annotations: org.springframework.data.redis.core.RedisHash (preferred), or consider extending one of the following types with your repository: org.springframework.data.keyvalue.repository.KeyValueRepository
2026-09-07 17:40:48.713 [restartedMain] INFO  o.s.d.r.c.RepositoryConfigurationExtensionSupport - Spring Data Redis - Could not safely identify store assignment for repository candidate interface com.chronos.Idao.IJobTitleRepository; If you want this repository to be a Redis repository, consider annotating your entities with one of these annotations: org.springframework.data.redis.core.RedisHash (preferred), or consider extending one of the following types with your repository: org.springframework.data.keyvalue.repository.KeyValueRepository
2026-09-07 17:40:48.713 [restartedMain] INFO  o.s.d.r.c.RepositoryConfigurationExtensionSupport - Spring Data Redis - Could not safely identify store assignment for repository candidate interface com.chronos.Idao.IMenuRepository; If you want this repository to be a Redis repository, consider annotating your entities with one of these annotations: org.springframework.data.redis.core.RedisHash (preferred), or consider extending one of the following types with your repository: org.springframework.data.keyvalue.repository.KeyValueRepository
2026-09-07 17:40:48.713 [restartedMain] INFO  o.s.d.r.c.RepositoryConfigurationExtensionSupport - Spring Data Redis - Could not safely identify store assignment for repository candidate interface com.chronos.Idao.IOrganizationRepository; If you want this repository to be a Redis repository, consider annotating your entities with one of these annotations: org.springframework.data.redis.core.RedisHash (preferred), or consider extending one of the following types with your repository: org.springframework.data.keyvalue.repository.KeyValueRepository
2026-09-07 17:40:48.713 [restartedMain] INFO  o.s.d.r.c.RepositoryConfigurationExtensionSupport - Spring Data Redis - Could not safely identify store assignment for repository candidate interface com.chronos.Idao.IOrganizationUnitRepository; If you want this repository to be a Redis repository, consider annotating your entities with one of these annotations: org.springframework.data.redis.core.RedisHash (preferred), or consider extending one of the following types with your repository: org.springframework.data.keyvalue.repository.KeyValueRepository
2026-09-07 17:40:48.713 [restartedMain] INFO  o.s.d.r.c.RepositoryConfigurationExtensionSupport - Spring Data Redis - Could not safely identify store assignment for repository candidate interface com.chronos.Idao.IPermissionRepository; If you want this repository to be a Redis repository, consider annotating your entities with one of these annotations: org.springframework.data.redis.core.RedisHash (preferred), or consider extending one of the following types with your repository: org.springframework.data.keyvalue.repository.KeyValueRepository
2026-09-07 17:40:48.713 [restartedMain] INFO  o.s.d.r.c.RepositoryConfigurationExtensionSupport - Spring Data Redis - Could not safely identify store assignment for repository candidate interface com.chronos.Idao.IPortalApplicationRepository; If you want this repository to be a Redis repository, consider annotating your entities with one of these annotations: org.springframework.data.redis.core.RedisHash (preferred), or consider extending one of the following types with your repository: org.springframework.data.keyvalue.repository.KeyValueRepository
2026-09-07 17:40:48.713 [restartedMain] INFO  o.s.d.r.c.RepositoryConfigurationExtensionSupport - Spring Data Redis - Could not safely identify store assignment for repository candidate interface com.chronos.Idao.IPortalWidgetRepository; If you want this repository to be a Redis repository, consider annotating your entities with one of these annotations: org.springframework.data.redis.core.RedisHash (preferred), or consider extending one of the following types with your repository: org.springframework.data.keyvalue.repository.KeyValueRepository
2026-09-07 17:40:48.713 [restartedMain] INFO  o.s.d.r.c.RepositoryConfigurationExtensionSupport - Spring Data Redis - Could not safely identify store assignment for repository candidate interface com.chronos.Idao.IPositionRepository; If you want this repository to be a Redis repository, consider annotating your entities with one of these annotations: org.springframework.data.redis.core.RedisHash (preferred), or consider extending one of the following types with your repository: org.springframework.data.keyvalue.repository.KeyValueRepository
2026-09-07 17:40:48.713 [restartedMain] INFO  o.s.d.r.c.RepositoryConfigurationExtensionSupport - Spring Data Redis - Could not safely identify store assignment for repository candidate interface com.chronos.Idao.IRefreshTokenRepository; If you want this repository to be a Redis repository, consider annotating your entities with one of these annotations: org.springframework.data.redis.core.RedisHash (preferred), or consider extending one of the following types with your repository: org.springframework.data.keyvalue.repository.KeyValueRepository
2026-09-07 17:40:48.713 [restartedMain] INFO  o.s.d.r.c.RepositoryConfigurationExtensionSupport - Spring Data Redis - Could not safely identify store assignment for repository candidate interface com.chronos.Idao.IRoleDataScopeRepository; If you want this repository to be a Redis repository, consider annotating your entities with one of these annotations: org.springframework.data.redis.core.RedisHash (preferred), or consider extending one of the following types with your repository: org.springframework.data.keyvalue.repository.KeyValueRepository
2026-09-07 17:40:48.714 [restartedMain] INFO  o.s.d.r.c.RepositoryConfigurationExtensionSupport - Spring Data Redis - Could not safely identify store assignment for repository candidate interface com.chronos.Idao.IRoleMenuPermissionRepository; If you want this repository to be a Redis repository, consider annotating your entities with one of these annotations: org.springframework.data.redis.core.RedisHash (preferred), or consider extending one of the following types with your repository: org.springframework.data.keyvalue.repository.KeyValueRepository
2026-09-07 17:40:48.714 [restartedMain] INFO  o.s.d.r.c.RepositoryConfigurationExtensionSupport - Spring Data Redis - Could not safely identify store assignment for repository candidate interface com.chronos.Idao.IRolePermissionRepository; If you want this repository to be a Redis repository, consider annotating your entities with one of these annotations: org.springframework.data.redis.core.RedisHash (preferred), or consider extending one of the following types with your repository: org.springframework.data.keyvalue.repository.KeyValueRepository
2026-09-07 17:40:48.714 [restartedMain] INFO  o.s.d.r.c.RepositoryConfigurationExtensionSupport - Spring Data Redis - Could not safely identify store assignment for repository candidate interface com.chronos.Idao.IRoleRepository; If you want this repository to be a Redis repository, consider annotating your entities with one of these annotations: org.springframework.data.redis.core.RedisHash (preferred), or consider extending one of the following types with your repository: org.springframework.data.keyvalue.repository.KeyValueRepository
2026-09-07 17:40:48.714 [restartedMain] INFO  o.s.d.r.c.RepositoryConfigurationExtensionSupport - Spring Data Redis - Could not safely identify store assignment for repository candidate interface com.chronos.Idao.IUserPortalApplicationRepository; If you want this repository to be a Redis repository, consider annotating your entities with one of these annotations: org.springframework.data.redis.core.RedisHash (preferred), or consider extending one of the following types with your repository: org.springframework.data.keyvalue.repository.KeyValueRepository
2026-09-07 17:40:48.714 [restartedMain] INFO  o.s.d.r.c.RepositoryConfigurationExtensionSupport - Spring Data Redis - Could not safely identify store assignment for repository candidate interface com.chronos.Idao.IUserPortalPreferenceRepository; If you want this repository to be a Redis repository, consider annotating your entities with one of these annotations: org.springframework.data.redis.core.RedisHash (preferred), or consider extending one of the following types with your repository: org.springframework.data.keyvalue.repository.KeyValueRepository
2026-09-07 17:40:48.714 [restartedMain] INFO  o.s.d.r.c.RepositoryConfigurationExtensionSupport - Spring Data Redis - Could not safely identify store assignment for repository candidate interface com.chronos.Idao.form.IFormDefinitionRepository; If you want this repository to be a Redis repository, consider annotating your entities with one of these annotations: org.springframework.data.redis.core.RedisHash (preferred), or consider extending one of the following types with your repository: org.springframework.data.keyvalue.repository.KeyValueRepository
2026-09-07 17:40:48.714 [restartedMain] INFO  o.s.d.r.c.RepositoryConfigurationExtensionSupport - Spring Data Redis - Could not safely identify store assignment for repository candidate interface com.chronos.Idao.form.IFormFieldRepository; If you want this repository to be a Redis repository, consider annotating your entities with one of these annotations: org.springframework.data.redis.core.RedisHash (preferred), or consider extending one of the following types with your repository: org.springframework.data.keyvalue.repository.KeyValueRepository
2026-09-07 17:40:48.714 [restartedMain] INFO  o.s.d.r.c.RepositoryConfigurationExtensionSupport - Spring Data Redis - Could not safely identify store assignment for repository candidate interface com.chronos.Idao.form.IFormInstanceRepository; If you want this repository to be a Redis repository, consider annotating your entities with one of these annotations: org.springframework.data.redis.core.RedisHash (preferred), or consider extending one of the following types with your repository: org.springframework.data.keyvalue.repository.KeyValueRepository
2026-09-07 17:40:48.714 [restartedMain] INFO  o.s.d.r.c.RepositoryConfigurationExtensionSupport - Spring Data Redis - Could not safely identify store assignment for repository candidate interface com.chronos.Idao.workflow.IWorkflowAiSettingRepository; If you want this repository to be a Redis repository, consider annotating your entities with one of these annotations: org.springframework.data.redis.core.RedisHash (preferred), or consider extending one of the following types with your repository: org.springframework.data.keyvalue.repository.KeyValueRepository
2026-09-07 17:40:48.714 [restartedMain] INFO  o.s.d.r.c.RepositoryConfigurationExtensionSupport - Spring Data Redis - Could not safely identify store assignment for repository candidate interface com.chronos.Idao.workflow.IWorkflowDefinitionAclRepository; If you want this repository to be a Redis repository, consider annotating your entities with one of these annotations: org.springframework.data.redis.core.RedisHash (preferred), or consider extending one of the following types with your repository: org.springframework.data.keyvalue.repository.KeyValueRepository
2026-09-07 17:40:48.715 [restartedMain] INFO  o.s.d.r.c.RepositoryConfigurationExtensionSupport - Spring Data Redis - Could not safely identify store assignment for repository candidate interface com.chronos.Idao.workflow.IWorkflowDefinitionRepository; If you want this repository to be a Redis repository, consider annotating your entities with one of these annotations: org.springframework.data.redis.core.RedisHash (preferred), or consider extending one of the following types with your repository: org.springframework.data.keyvalue.repository.KeyValueRepository
2026-09-07 17:40:48.715 [restartedMain] INFO  o.s.d.r.c.RepositoryConfigurationExtensionSupport - Spring Data Redis - Could not safely identify store assignment for repository candidate interface com.chronos.Idao.workflow.IWorkflowDelegationRepository; If you want this repository to be a Redis repository, consider annotating your entities with one of these annotations: org.springframework.data.redis.core.RedisHash (preferred), or consider extending one of the following types with your repository: org.springframework.data.keyvalue.repository.KeyValueRepository
2026-09-07 17:40:48.715 [restartedMain] INFO  o.s.d.r.c.RepositoryConfigurationExtensionSupport - Spring Data Redis - Could not safely identify store assignment for repository candidate interface com.chronos.Idao.workflow.IWorkflowEdgeRepository; If you want this repository to be a Redis repository, consider annotating your entities with one of these annotations: org.springframework.data.redis.core.RedisHash (preferred), or consider extending one of the following types with your repository: org.springframework.data.keyvalue.repository.KeyValueRepository
2026-09-07 17:40:48.715 [restartedMain] INFO  o.s.d.r.c.RepositoryConfigurationExtensionSupport - Spring Data Redis - Could not safely identify store assignment for repository candidate interface com.chronos.Idao.workflow.IWorkflowExecutionLogRepository; If you want this repository to be a Redis repository, consider annotating your entities with one of these annotations: org.springframework.data.redis.core.RedisHash (preferred), or consider extending one of the following types with your repository: org.springframework.data.keyvalue.repository.KeyValueRepository
2026-09-07 17:40:48.715 [restartedMain] INFO  o.s.d.r.c.RepositoryConfigurationExtensionSupport - Spring Data Redis - Could not safely identify store assignment for repository candidate interface com.chronos.Idao.workflow.IWorkflowIdempotencyRepository; If you want this repository to be a Redis repository, consider annotating your entities with one of these annotations: org.springframework.data.redis.core.RedisHash (preferred), or consider extending one of the following types with your repository: org.springframework.data.keyvalue.repository.KeyValueRepository
2026-09-07 17:40:48.715 [restartedMain] INFO  o.s.d.r.c.RepositoryConfigurationExtensionSupport - Spring Data Redis - Could not safely identify store assignment for repository candidate interface com.chronos.Idao.workflow.IWorkflowIncidentRepository; If you want this repository to be a Redis repository, consider annotating your entities with one of these annotations: org.springframework.data.redis.core.RedisHash (preferred), or consider extending one of the following types with your repository: org.springframework.data.keyvalue.repository.KeyValueRepository
2026-09-07 17:40:48.715 [restartedMain] INFO  o.s.d.r.c.RepositoryConfigurationExtensionSupport - Spring Data Redis - Could not safely identify store assignment for repository candidate interface com.chronos.Idao.workflow.IWorkflowInstanceParticipantRepository; If you want this repository to be a Redis repository, consider annotating your entities with one of these annotations: org.springframework.data.redis.core.RedisHash (preferred), or consider extending one of the following types with your repository: org.springframework.data.keyvalue.repository.KeyValueRepository
2026-09-07 17:40:48.715 [restartedMain] INFO  o.s.d.r.c.RepositoryConfigurationExtensionSupport - Spring Data Redis - Could not safely identify store assignment for repository candidate interface com.chronos.Idao.workflow.IWorkflowInstanceRepository; If you want this repository to be a Redis repository, consider annotating your entities with one of these annotations: org.springframework.data.redis.core.RedisHash (preferred), or consider extending one of the following types with your repository: org.springframework.data.keyvalue.repository.KeyValueRepository
2026-09-07 17:40:48.715 [restartedMain] INFO  o.s.d.r.c.RepositoryConfigurationExtensionSupport - Spring Data Redis - Could not safely identify store assignment for repository candidate interface com.chronos.Idao.workflow.IWorkflowNodeRepository; If you want this repository to be a Redis repository, consider annotating your entities with one of these annotations: org.springframework.data.redis.core.RedisHash (preferred), or consider extending one of the following types with your repository: org.springframework.data.keyvalue.repository.KeyValueRepository
2026-09-07 17:40:48.715 [restartedMain] INFO  o.s.d.r.c.RepositoryConfigurationExtensionSupport - Spring Data Redis - Could not safely identify store assignment for repository candidate interface com.chronos.Idao.workflow.IWorkflowNotificationRepository; If you want this repository to be a Redis repository, consider annotating your entities with one of these annotations: org.springframework.data.redis.core.RedisHash (preferred), or consider extending one of the following types with your repository: org.springframework.data.keyvalue.repository.KeyValueRepository
2026-09-07 17:40:48.715 [restartedMain] INFO  o.s.d.r.c.RepositoryConfigurationExtensionSupport - Spring Data Redis - Could not safely identify store assignment for repository candidate interface com.chronos.Idao.workflow.IWorkflowOutboxRepository; If you want this repository to be a Redis repository, consider annotating your entities with one of these annotations: org.springframework.data.redis.core.RedisHash (preferred), or consider extending one of the following types with your repository: org.springframework.data.keyvalue.repository.KeyValueRepository
2026-09-07 17:40:48.715 [restartedMain] INFO  o.s.d.r.c.RepositoryConfigurationExtensionSupport - Spring Data Redis - Could not safely identify store assignment for repository candidate interface com.chronos.Idao.workflow.IWorkflowReviewRepository; If you want this repository to be a Redis repository, consider annotating your entities with one of these annotations: org.springframework.data.redis.core.RedisHash (preferred), or consider extending one of the following types with your repository: org.springframework.data.keyvalue.repository.KeyValueRepository
2026-09-07 17:40:48.715 [restartedMain] INFO  o.s.d.r.c.RepositoryConfigurationExtensionSupport - Spring Data Redis - Could not safely identify store assignment for repository candidate interface com.chronos.Idao.workflow.IWorkflowTaskCandidateRepository; If you want this repository to be a Redis repository, consider annotating your entities with one of these annotations: org.springframework.data.redis.core.RedisHash (preferred), or consider extending one of the following types with your repository: org.springframework.data.keyvalue.repository.KeyValueRepository
2026-09-07 17:40:48.715 [restartedMain] INFO  o.s.d.r.c.RepositoryConfigurationExtensionSupport - Spring Data Redis - Could not safely identify store assignment for repository candidate interface com.chronos.Idao.workflow.IWorkflowTaskRepository; If you want this repository to be a Redis repository, consider annotating your entities with one of these annotations: org.springframework.data.redis.core.RedisHash (preferred), or consider extending one of the following types with your repository: org.springframework.data.keyvalue.repository.KeyValueRepository
2026-09-07 17:40:48.715 [restartedMain] INFO  o.s.d.r.c.RepositoryConfigurationExtensionSupport - Spring Data Redis - Could not safely identify store assignment for repository candidate interface com.chronos.message.Idao.INotificationChannelPolicyRepository; If you want this repository to be a Redis repository, consider annotating your entities with one of these annotations: org.springframework.data.redis.core.RedisHash (preferred), or consider extending one of the following types with your repository: org.springframework.data.keyvalue.repository.KeyValueRepository
2026-09-07 17:40:48.715 [restartedMain] INFO  o.s.d.r.c.RepositoryConfigurationExtensionSupport - Spring Data Redis - Could not safely identify store assignment for repository candidate interface com.chronos.message.Idao.INotificationChannelPreferenceRepository; If you want this repository to be a Redis repository, consider annotating your entities with one of these annotations: org.springframework.data.redis.core.RedisHash (preferred), or consider extending one of the following types with your repository: org.springframework.data.keyvalue.repository.KeyValueRepository
2026-09-07 17:40:48.715 [restartedMain] INFO  o.s.d.r.c.RepositoryConfigurationExtensionSupport - Spring Data Redis - Could not safely identify store assignment for repository candidate interface com.chronos.message.Idao.INotificationTemplateRepository; If you want this repository to be a Redis repository, consider annotating your entities with one of these annotations: org.springframework.data.redis.core.RedisHash (preferred), or consider extending one of the following types with your repository: org.springframework.data.keyvalue.repository.KeyValueRepository
2026-09-07 17:40:48.715 [restartedMain] INFO  o.s.d.r.c.RepositoryConfigurationExtensionSupport - Spring Data Redis - Could not safely identify store assignment for repository candidate interface com.chronos.message.Idao.IPublicationAttachmentRepository; If you want this repository to be a Redis repository, consider annotating your entities with one of these annotations: org.springframework.data.redis.core.RedisHash (preferred), or consider extending one of the following types with your repository: org.springframework.data.keyvalue.repository.KeyValueRepository
2026-09-07 17:40:48.715 [restartedMain] INFO  o.s.d.r.c.RepositoryConfigurationExtensionSupport - Spring Data Redis - Could not safely identify store assignment for repository candidate interface com.chronos.message.Idao.IPublicationAudienceRepository; If you want this repository to be a Redis repository, consider annotating your entities with one of these annotations: org.springframework.data.redis.core.RedisHash (preferred), or consider extending one of the following types with your repository: org.springframework.data.keyvalue.repository.KeyValueRepository
2026-09-07 17:40:48.716 [restartedMain] INFO  o.s.d.r.c.RepositoryConfigurationExtensionSupport - Spring Data Redis - Could not safely identify store assignment for repository candidate interface com.chronos.message.Idao.IPublicationDeliveryRepository; If you want this repository to be a Redis repository, consider annotating your entities with one of these annotations: org.springframework.data.redis.core.RedisHash (preferred), or consider extending one of the following types with your repository: org.springframework.data.keyvalue.repository.KeyValueRepository
2026-09-07 17:40:48.716 [restartedMain] INFO  o.s.d.r.c.RepositoryConfigurationExtensionSupport - Spring Data Redis - Could not safely identify store assignment for repository candidate interface com.chronos.message.Idao.IPublicationReadRepository; If you want this repository to be a Redis repository, consider annotating your entities with one of these annotations: org.springframework.data.redis.core.RedisHash (preferred), or consider extending one of the following types with your repository: org.springframework.data.keyvalue.repository.KeyValueRepository
2026-09-07 17:40:48.716 [restartedMain] INFO  o.s.d.r.c.RepositoryConfigurationExtensionSupport - Spring Data Redis - Could not safely identify store assignment for repository candidate interface com.chronos.message.Idao.IPublicationRecipientRepository; If you want this repository to be a Redis repository, consider annotating your entities with one of these annotations: org.springframework.data.redis.core.RedisHash (preferred), or consider extending one of the following types with your repository: org.springframework.data.keyvalue.repository.KeyValueRepository
2026-09-07 17:40:48.716 [restartedMain] INFO  o.s.d.r.c.RepositoryConfigurationExtensionSupport - Spring Data Redis - Could not safely identify store assignment for repository candidate interface com.chronos.message.Idao.IPublicationRepository; If you want this repository to be a Redis repository, consider annotating your entities with one of these annotations: org.springframework.data.redis.core.RedisHash (preferred), or consider extending one of the following types with your repository: org.springframework.data.keyvalue.repository.KeyValueRepository
2026-09-07 17:40:48.716 [restartedMain] INFO  o.s.d.r.c.RepositoryConfigurationExtensionSupport - Spring Data Redis - Could not safely identify store assignment for repository candidate interface com.chronos.message.Idao.IPublicationVersionRepository; If you want this repository to be a Redis repository, consider annotating your entities with one of these annotations: org.springframework.data.redis.core.RedisHash (preferred), or consider extending one of the following types with your repository: org.springframework.data.keyvalue.repository.KeyValueRepository
2026-09-07 17:40:48.716 [restartedMain] INFO  o.s.d.r.c.RepositoryConfigurationExtensionSupport - Spring Data Redis - Could not safely identify store assignment for repository candidate interface com.chronos.industry.dao.IndustryTemplateInstallationRepository; If you want this repository to be a Redis repository, consider annotating your entities with one of these annotations: org.springframework.data.redis.core.RedisHash (preferred), or consider extending one of the following types with your repository: org.springframework.data.keyvalue.repository.KeyValueRepository
2026-09-07 17:40:48.716 [restartedMain] INFO  o.s.d.r.config.RepositoryConfigurationDelegate - Finished Spring Data repository scanning in 19 ms. Found 0 Redis repository interfaces.
2026-09-07 17:40:49.142 [restartedMain] INFO  org.springframework.boot.tomcat.TomcatWebServer - Tomcat initialized with port 8080 (http)
2026-09-07 17:40:49.149 [restartedMain] INFO  org.apache.coyote.http11.Http11NioProtocol - Initializing ProtocolHandler ["http-nio-8080"]
2026-09-07 17:40:49.150 [restartedMain] INFO  org.apache.catalina.core.StandardService - Starting service [Tomcat]
2026-09-07 17:40:49.150 [restartedMain] INFO  org.apache.catalina.core.StandardEngine - Starting Servlet engine: [Apache Tomcat/11.0.22]
2026-09-07 17:40:49.170 [restartedMain] INFO  o.s.b.w.c.servlet.WebApplicationContextInitializer - Root WebApplicationContext: initialization completed in 1209 ms
2026-09-07 17:40:49.289 [restartedMain] INFO  org.hibernate.orm.jpa - HHH008540: Processing PersistenceUnitInfo [name: default]
2026-09-07 17:40:49.309 [restartedMain] INFO  org.hibernate.orm.core - HHH000001: Hibernate ORM core version 7.2.19.Final
2026-09-07 17:40:49.536 [restartedMain] INFO  o.s.o.j.persistenceunit.SpringPersistenceUnitInfo - No LoadTimeWeaver setup: ignoring JPA class transformer
2026-09-07 17:40:49.558 [restartedMain] INFO  com.alibaba.druid.pool.DruidDataSource - {dataSource-1} inited
2026-09-07 17:40:49.655 [restartedMain] WARN  org.hibernate.orm.deprecation - HHH90000025: PostgreSQLDialect does not need to be specified explicitly using 'hibernate.dialect' (remove the property setting and it will be selected by default)
2026-09-07 17:40:49.665 [restartedMain] INFO  org.hibernate.orm.connections.pooling - HHH10001005: Database info:
	Database JDBC URL [jdbc:postgresql://localhost:5432/Chronos]
	Database driver: PostgreSQL JDBC Driver
	Database dialect: PostgreSQLDialect
	Database version: 17.10
	Default catalog/schema: Chronos/public
	Autocommit mode: undefined/unknown
	Isolation level: READ_COMMITTED [default READ_COMMITTED]
	JDBC fetch size: none
	Pool: DataSourceConnectionProvider
	Minimum pool size: undefined/unknown
	Maximum pool size: undefined/unknown
2026-09-07 17:40:50.610 [restartedMain] INFO  org.hibernate.orm.core - HHH000489: No JTA platform available (set 'hibernate.transaction.jta.platform' to enable JTA platform integration)
2026-09-07 17:40:50.686 [restartedMain] INFO  o.s.orm.jpa.LocalContainerEntityManagerFactoryBean - Initialized JPA EntityManagerFactory for persistence unit 'default'
2026-09-07 17:40:50.726 [restartedMain] INFO  o.s.d.jpa.repository.query.QueryEnhancerFactories - Hibernate is in classpath; If applicable, HQL parser will be used.
2026-09-07 17:40:51.271 [restartedMain] INFO  o.s.s.c.a.a.c.InitializeUserDetailsBeanManagerConfigurer$InitializeUserDetailsManagerConfigurer - Global AuthenticationManager configured with UserDetailsService bean with name adminUserDetailsService
2026-09-07 17:40:51.346 [restartedMain] ERROR i.n.resolver.dns.DnsServerAddressStreamProviders - Unable to load io.netty.resolver.dns.macos.MacOSDnsServerAddressStreamProvider, fallback to system defaults. This may result in incorrect DNS resolutions on MacOS. Check whether you have a dependency on 'io.netty:netty-resolver-dns-native-macos'. Use DEBUG level to see the full stack: java.lang.UnsatisfiedLinkError: failed to load the required native library
2026-09-07 17:40:51.724 [restartedMain] INFO  o.f.s.b.e.EventRegistryAutoConfiguration - No deployment resources were found for autodeployment
2026-09-07 17:40:51.822 [restartedMain] INFO  o.f.spring.boot.ProcessEngineAutoConfiguration - No deployment resources were found for autodeployment
2026-09-07 17:40:51.834 [restartedMain] INFO  o.f.c.engine.impl.async.DefaultAsyncTaskExecutor - Creating thread pool queue of size 100
2026-09-07 17:40:51.834 [restartedMain] INFO  o.f.c.engine.impl.async.DefaultAsyncTaskExecutor - Creating thread factory with naming pattern flowable-async-task-invoker-%d
2026-09-07 17:40:51.834 [restartedMain] INFO  o.f.c.engine.impl.async.DefaultAsyncTaskExecutor - Creating executor service with corePoolSize 8, maxPoolSize 8 and keepAliveTime 5000
2026-09-07 17:40:51.922 [restartedMain] INFO  o.flowable.spring.SpringProcessEngineConfiguration - Found 2 Engine Configurators in total:
2026-09-07 17:40:51.922 [restartedMain] INFO  o.flowable.spring.SpringProcessEngineConfiguration - class org.flowable.eventregistry.spring.configurator.SpringEventRegistryConfigurator (priority:100000)
2026-09-07 17:40:51.922 [restartedMain] INFO  o.flowable.spring.SpringProcessEngineConfiguration - class org.flowable.idm.engine.configurator.IdmEngineConfigurator (priority:150000)
2026-09-07 17:40:51.922 [restartedMain] INFO  o.flowable.spring.SpringProcessEngineConfiguration - Executing beforeInit() of class org.flowable.eventregistry.spring.configurator.SpringEventRegistryConfigurator (priority:100000)
2026-09-07 17:40:51.929 [restartedMain] INFO  o.flowable.spring.SpringProcessEngineConfiguration - Executing beforeInit() of class org.flowable.idm.engine.configurator.IdmEngineConfigurator (priority:150000)
2026-09-07 17:40:52.326 [restartedMain] INFO  o.flowable.spring.SpringProcessEngineConfiguration - Executing configure() of class org.flowable.eventregistry.spring.configurator.SpringEventRegistryConfigurator (priority:100000)
2026-09-07 17:40:52.333 [restartedMain] INFO  o.f.eventregistry.impl.EventRegistryEngineImpl - EventRegistryEngine default created
2026-09-07 17:40:52.333 [restartedMain] INFO  o.flowable.spring.SpringProcessEngineConfiguration - Executing configure() of class org.flowable.idm.engine.configurator.IdmEngineConfigurator (priority:150000)
2026-09-07 17:40:52.338 [restartedMain] INFO  org.flowable.idm.engine.impl.IdmEngineImpl - IdmEngine default created
2026-09-07 17:40:52.372 [restartedMain] INFO  org.flowable.engine.impl.ProcessEngineImpl - ProcessEngine default created
2026-09-07 17:40:52.388 [restartedMain] INFO  o.flowable.engine.impl.cmd.ValidateV5EntitiesCmd - Total of v5 deployments found: 0
2026-09-07 17:40:53.688 [restartedMain] INFO  o.s.s.q.SchedulerFactoryBean$LocalSchedulerFactory - Using default implementation for ThreadExecutor
2026-09-07 17:40:53.697 [restartedMain] INFO  org.quartz.core.SchedulerSignalerImpl - Initialized Scheduler Signaller of type: class org.quartz.core.SchedulerSignalerImpl
2026-09-07 17:40:53.697 [restartedMain] INFO  org.quartz.core.QuartzScheduler - Quartz Scheduler v2.5.2 created.
2026-09-07 17:40:53.697 [restartedMain] INFO  org.quartz.simpl.RAMJobStore - RAMJobStore initialized.
2026-09-07 17:40:53.697 [restartedMain] INFO  org.quartz.core.QuartzScheduler - Scheduler meta-data: Quartz Scheduler (v2.5.2) 'quartzScheduler' with instanceId 'NON_CLUSTERED'
  Scheduler class: 'org.quartz.core.QuartzScheduler' - running locally.
  NOT STARTED.
  Currently in standby mode.
  Number of jobs executed: 0
  Using thread pool 'org.quartz.simpl.SimpleThreadPool' - with 10 threads.
  Using job-store 'org.quartz.simpl.RAMJobStore' - which does not support persistence. and is not clustered.

2026-09-07 17:40:53.698 [restartedMain] INFO  o.s.s.q.SchedulerFactoryBean$LocalSchedulerFactory - Quartz scheduler 'quartzScheduler' initialized from an externally provided properties instance.
2026-09-07 17:40:53.698 [restartedMain] INFO  o.s.s.q.SchedulerFactoryBean$LocalSchedulerFactory - Quartz scheduler version: 2.5.2
2026-09-07 17:40:53.698 [restartedMain] INFO  org.quartz.core.QuartzScheduler - JobFactory set to: org.springframework.scheduling.quartz.SpringBeanJobFactory@66eb8b26
2026-09-07 17:40:53.740 [restartedMain] INFO  o.f.j.s.impl.asyncexecutor.AbstractAsyncExecutor - Starting up the async job executor [org.flowable.spring.job.service.SpringAsyncExecutor] for engine bpmn
2026-09-07 17:40:53.751 [Thread-22] INFO  o.f.j.s.i.asyncexecutor.ResetExpiredJobsRunnable - starting to reset expired jobs for engine bpmn
2026-09-07 17:40:53.751 [restartedMain] INFO  org.apache.coyote.http11.Http11NioProtocol - Starting ProtocolHandler ["http-nio-8080"]
2026-09-07 17:40:53.752 [Thread-21] INFO  o.f.j.s.i.asyncexecutor.AcquireTimerJobsRunnable - starting to acquire async jobs due for engine bpmn
2026-09-07 17:40:53.752 [Thread-20] INFO  o.f.j.s.i.a.AcquireAsyncJobsDueRunnable - starting to acquire async jobs due for engine bpmn
2026-09-07 17:40:53.757 [restartedMain] INFO  org.springframework.boot.tomcat.TomcatWebServer - Tomcat started on port 8080 (http) with context path '/'
2026-09-07 17:40:53.759 [restartedMain] INFO  o.s.scheduling.quartz.SchedulerFactoryBean - Starting Quartz Scheduler now
2026-09-07 17:40:53.760 [restartedMain] INFO  org.quartz.core.QuartzScheduler - Scheduler quartzScheduler_$_NON_CLUSTERED started.
2026-09-07 17:40:53.769 [restartedMain] INFO  com.chronos.ChronosApplication - Started ChronosApplication in 6.039 seconds (process running for 6.529)
2026-09-07 17:40:56.478 [http-nio-8080-exec-1] INFO  o.a.c.core.ContainerBase.[Tomcat].[localhost].[/] - Initializing Spring DispatcherServlet 'dispatcherServlet'
2026-09-07 17:40:56.478 [http-nio-8080-exec-1] INFO  org.springframework.web.servlet.DispatcherServlet - Initializing Servlet 'dispatcherServlet'
2026-09-07 17:40:56.480 [http-nio-8080-exec-1] INFO  org.springframework.web.servlet.DispatcherServlet - Completed initialization in 1 ms
2026-09-07 17:40:56.683 [http-nio-8080-exec-2] WARN  org.hibernate.orm.jdbc.error - HHH000247: ErrorCode: 0, SQLState: 42883
2026-09-07 17:40:56.683 [http-nio-8080-exec-2] WARN  org.hibernate.orm.jdbc.error - ERROR: function lower(bytea) does not exist
  Hint: No function matches the given name and argument types. You might need to add explicit type casts.
  Position: 834
2026-09-07 17:40:56.691 [http-nio-8080-exec-2] WARN  org.hibernate.orm.jdbc.error - HHH000247: ErrorCode: 0, SQLState: 42883
2026-09-07 17:40:56.691 [http-nio-8080-exec-2] WARN  org.hibernate.orm.jdbc.error - ERROR: function lower(bytea) does not exist
  Hint: No function matches the given name and argument types. You might need to add explicit type casts.
  Position: 834
2026-09-07 17:41:08.470 [http-nio-8080-exec-4] WARN  org.hibernate.orm.jdbc.error - HHH000247: ErrorCode: 0, SQLState: 42883
2026-09-07 17:41:08.470 [http-nio-8080-exec-4] WARN  org.hibernate.orm.jdbc.error - ERROR: function lower(bytea) does not exist
  Hint: No function matches the given name and argument types. You might need to add explicit type casts.
  Position: 834
2026-09-07 17:41:08.479 [http-nio-8080-exec-4] WARN  org.hibernate.orm.jdbc.error - HHH000247: ErrorCode: 0, SQLState: 42883
2026-09-07 17:41:08.479 [http-nio-8080-exec-4] WARN  org.hibernate.orm.jdbc.error - ERROR: function lower(bytea) does not exist
  Hint: No function matches the given name and argument types. You might need to add explicit type casts.
  Position: 834
2026-09-07 17:41:19.961 [http-nio-8080-exec-2] WARN  o.s.d.w.c.SpringDataJackson3Configuration$PageModule$WarningLoggingModifier - Serializing PageImpl instances as-is is not supported, meaning that there is no guarantee about the stability of the resulting JSON structure!
	For a stable JSON structure, please use Spring Data's PagedModel (globally via @EnableSpringDataWebSupport(pageSerializationMode = VIA_DTO))
	or Spring HATEOAS and Spring Data's PagedResourcesAssembler as documented in https://docs.spring.io/spring-data/commons/reference/repositories/core-extensions.html#core.web.pageables.

2026-09-07 18:00:16.982 [http-nio-8080-exec-3] WARN  org.hibernate.orm.jdbc.error - HHH000247: ErrorCode: 0, SQLState: 42883
2026-09-07 18:00:16.983 [http-nio-8080-exec-3] WARN  org.hibernate.orm.jdbc.error - ERROR: function lower(bytea) does not exist
  Hint: No function matches the given name and argument types. You might need to add explicit type casts.
  Position: 834
2026-09-07 18:00:16.995 [http-nio-8080-exec-3] WARN  org.hibernate.orm.jdbc.error - HHH000247: ErrorCode: 0, SQLState: 42883
2026-09-07 18:00:16.995 [http-nio-8080-exec-3] WARN  org.hibernate.orm.jdbc.error - ERROR: function lower(bytea) does not exist
  Hint: No function matches the given name and argument types. You might need to add explicit type casts.
  Position: 834
2026-09-07 18:00:17.561 [http-nio-8080-exec-3] WARN  org.hibernate.orm.jdbc.error - HHH000247: ErrorCode: 0, SQLState: 42883
2026-09-07 18:00:17.561 [http-nio-8080-exec-3] WARN  org.hibernate.orm.jdbc.error - ERROR: function lower(bytea) does not exist
  Hint: No function matches the given name and argument types. You might need to add explicit type casts.
  Position: 834
2026-09-07 18:00:17.568 [http-nio-8080-exec-3] WARN  org.hibernate.orm.jdbc.error - HHH000247: ErrorCode: 0, SQLState: 42883
2026-09-07 18:00:17.568 [http-nio-8080-exec-3] WARN  org.hibernate.orm.jdbc.error - ERROR: function lower(bytea) does not exist
  Hint: No function matches the given name and argument types. You might need to add explicit type casts.
  Position: 834
2026-09-07 18:01:09.444 [http-nio-8080-exec-5] WARN  org.hibernate.orm.jdbc.error - HHH000247: ErrorCode: 0, SQLState: 42883
2026-09-07 18:01:09.445 [http-nio-8080-exec-5] WARN  org.hibernate.orm.jdbc.error - ERROR: function lower(bytea) does not exist
  Hint: No function matches the given name and argument types. You might need to add explicit type casts.
  Position: 834
2026-09-07 18:01:09.452 [http-nio-8080-exec-5] WARN  org.hibernate.orm.jdbc.error - HHH000247: ErrorCode: 0, SQLState: 42883
2026-09-07 18:01:09.453 [http-nio-8080-exec-5] WARN  org.hibernate.orm.jdbc.error - ERROR: function lower(bytea) does not exist
  Hint: No function matches the given name and argument types. You might need to add explicit type casts.
  Position: 834
2026-09-07 18:03:12.776 [File Watcher] INFO  o.s.b.d.a.LocalDevToolsAutoConfiguration$RestartingClassPathChangeChangedEventListener - Restarting due to 152 class path changes (0 additions, 134 deletions, 18 modifications)
2026-09-07 18:03:12.783 [Thread-1] INFO  org.quartz.core.QuartzScheduler - Scheduler quartzScheduler_$_NON_CLUSTERED paused.
2026-09-07 18:03:12.784 [Thread-1] INFO  org.springframework.boot.tomcat.GracefulShutdown - Commencing graceful shutdown. Waiting for active requests to complete
2026-09-07 18:03:12.786 [tomcat-shutdown] INFO  org.apache.coyote.http11.Http11NioProtocol - Pausing ProtocolHandler ["http-nio-8080"]
2026-09-07 18:03:12.794 [tomcat-shutdown] INFO  org.springframework.boot.tomcat.GracefulShutdown - Graceful shutdown complete
2026-09-07 18:03:12.795 [Thread-1] INFO  org.apache.coyote.http11.Http11NioProtocol - Stopping ProtocolHandler ["http-nio-8080"]
2026-09-07 18:03:12.814 [Thread-1] INFO  o.s.scheduling.quartz.SchedulerFactoryBean - Shutting down Quartz Scheduler
2026-09-07 18:03:12.814 [Thread-1] INFO  org.quartz.core.QuartzScheduler - Scheduler quartzScheduler_$_NON_CLUSTERED shutting down.
2026-09-07 18:03:12.814 [Thread-1] INFO  org.quartz.core.QuartzScheduler - Scheduler quartzScheduler_$_NON_CLUSTERED paused.
2026-09-07 18:03:12.815 [Thread-1] INFO  org.quartz.core.QuartzScheduler - Scheduler quartzScheduler_$_NON_CLUSTERED shutdown complete.
2026-09-07 18:03:12.819 [Thread-1] INFO  o.f.j.s.impl.asyncexecutor.AbstractAsyncExecutor - Shutting down the async job executor [org.flowable.spring.job.service.SpringAsyncExecutor] for engine bpmn
2026-09-07 18:03:12.819 [flowable-bpmn-reset-expired-jobs] INFO  o.f.j.s.i.asyncexecutor.ResetExpiredJobsRunnable - stopped resetting expired jobs for engine bpmn
2026-09-07 18:03:12.819 [flowable-bpmn-acquire-timer-jobs] INFO  o.f.j.s.i.asyncexecutor.AcquireTimerJobsRunnable - stopped async job due acquisition for engine bpmn
2026-09-07 18:03:12.819 [flowable-bpmn-acquire-async-jobs] INFO  o.f.j.s.i.a.AcquireAsyncJobsDueRunnable - stopped async job due acquisition for engine bpmn
2026-09-07 18:03:12.841 [Thread-1] INFO  o.s.orm.jpa.LocalContainerEntityManagerFactoryBean - Closing JPA EntityManagerFactory for persistence unit 'default'
2026-09-07 18:03:12.846 [Thread-1] INFO  com.alibaba.druid.pool.DruidDataSource - {dataSource-1} closed
2026-09-07 18:03:12.952 [restartedMain] INFO  com.chronos.ChronosApplication - Starting ChronosApplication using Java 25.0.3 with PID 73008 (/Users/gaomingchao/git/Chronos/Chronos/hospital-app/target/classes started by gaomingchao in /Users/gaomingchao/git/Chronos/Chronos/hospital-app)
2026-09-07 18:03:12.952 [restartedMain] INFO  com.chronos.ChronosApplication - No active profile set, falling back to 1 default profile: "default"
2026-09-07 18:03:13.176 [restartedMain] INFO  o.s.d.r.config.RepositoryConfigurationDelegate - Multiple Spring Data modules found, entering strict repository configuration mode
2026-09-07 18:03:13.177 [restartedMain] INFO  o.s.d.r.config.RepositoryConfigurationDelegate - Bootstrapping Spring Data JPA repositories in DEFAULT mode.
2026-09-07 18:03:13.235 [restartedMain] INFO  o.s.d.r.config.RepositoryConfigurationDelegate - Finished Spring Data repository scanning in 55 ms. Found 52 JPA repository interfaces.
2026-09-07 18:03:13.315 [restartedMain] INFO  o.s.d.r.config.RepositoryConfigurationDelegate - Multiple Spring Data modules found, entering strict repository configuration mode
2026-09-07 18:03:13.315 [restartedMain] INFO  o.s.d.r.config.RepositoryConfigurationDelegate - Bootstrapping Spring Data Redis repositories in DEFAULT mode.
2026-09-07 18:03:13.330 [restartedMain] INFO  o.s.d.r.c.RepositoryConfigurationExtensionSupport - Spring Data Redis - Could not safely identify store assignment for repository candidate interface com.chronos.Idao.IAuditLogRepository; If you want this repository to be a Redis repository, consider annotating your entities with one of these annotations: org.springframework.data.redis.core.RedisHash (preferred), or consider extending one of the following types with your repository: org.springframework.data.keyvalue.repository.KeyValueRepository
2026-09-07 18:03:13.330 [restartedMain] INFO  o.s.d.r.c.RepositoryConfigurationExtensionSupport - Spring Data Redis - Could not safely identify store assignment for repository candidate interface com.chronos.Idao.IAdminUserRepository; If you want this repository to be a Redis repository, consider annotating your entities with one of these annotations: org.springframework.data.redis.core.RedisHash (preferred), or consider extending one of the following types with your repository: org.springframework.data.keyvalue.repository.KeyValueRepository
2026-09-07 18:03:13.330 [restartedMain] INFO  o.s.d.r.c.RepositoryConfigurationExtensionSupport - Spring Data Redis - Could not safely identify store assignment for repository candidate interface com.chronos.Idao.IConsumerUserRepository; If you want this repository to be a Redis repository, consider annotating your entities with one of these annotations: org.springframework.data.redis.core.RedisHash (preferred), or consider extending one of the following types with your repository: org.springframework.data.keyvalue.repository.KeyValueRepository
2026-09-07 18:03:13.330 [restartedMain] INFO  o.s.d.r.c.RepositoryConfigurationExtensionSupport - Spring Data Redis - Could not safely identify store assignment for repository candidate interface com.chronos.Idao.IDictRepository; If you want this repository to be a Redis repository, consider annotating your entities with one of these annotations: org.springframework.data.redis.core.RedisHash (preferred), or consider extending one of the following types with your repository: org.springframework.data.keyvalue.repository.KeyValueRepository
2026-09-07 18:03:13.330 [restartedMain] INFO  o.s.d.r.c.RepositoryConfigurationExtensionSupport - Spring Data Redis - Could not safely identify store assignment for repository candidate interface com.chronos.Idao.IEmployeeAssignmentRepository; If you want this repository to be a Redis repository, consider annotating your entities with one of these annotations: org.springframework.data.redis.core.RedisHash (preferred), or consider extending one of the following types with your repository: org.springframework.data.keyvalue.repository.KeyValueRepository
2026-09-07 18:03:13.330 [restartedMain] INFO  o.s.d.r.c.RepositoryConfigurationExtensionSupport - Spring Data Redis - Could not safely identify store assignment for repository candidate interface com.chronos.Idao.IEmployeeRepository; If you want this repository to be a Redis repository, consider annotating your entities with one of these annotations: org.springframework.data.redis.core.RedisHash (preferred), or consider extending one of the following types with your repository: org.springframework.data.keyvalue.repository.KeyValueRepository
2026-09-07 18:03:13.330 [restartedMain] INFO  o.s.d.r.c.RepositoryConfigurationExtensionSupport - Spring Data Redis - Could not safely identify store assignment for repository candidate interface com.chronos.Idao.IJobLevelRepository; If you want this repository to be a Redis repository, consider annotating your entities with one of these annotations: org.springframework.data.redis.core.RedisHash (preferred), or consider extending one of the following types with your repository: org.springframework.data.keyvalue.repository.KeyValueRepository
2026-09-07 18:03:13.330 [restartedMain] INFO  o.s.d.r.c.RepositoryConfigurationExtensionSupport - Spring Data Redis - Could not safely identify store assignment for repository candidate interface com.chronos.Idao.IJobTitleRepository; If you want this repository to be a Redis repository, consider annotating your entities with one of these annotations: org.springframework.data.redis.core.RedisHash (preferred), or consider extending one of the following types with your repository: org.springframework.data.keyvalue.repository.KeyValueRepository
2026-09-07 18:03:13.330 [restartedMain] INFO  o.s.d.r.c.RepositoryConfigurationExtensionSupport - Spring Data Redis - Could not safely identify store assignment for repository candidate interface com.chronos.Idao.IMenuRepository; If you want this repository to be a Redis repository, consider annotating your entities with one of these annotations: org.springframework.data.redis.core.RedisHash (preferred), or consider extending one of the following types with your repository: org.springframework.data.keyvalue.repository.KeyValueRepository
2026-09-07 18:03:13.330 [restartedMain] INFO  o.s.d.r.c.RepositoryConfigurationExtensionSupport - Spring Data Redis - Could not safely identify store assignment for repository candidate interface com.chronos.Idao.IOrganizationRepository; If you want this repository to be a Redis repository, consider annotating your entities with one of these annotations: org.springframework.data.redis.core.RedisHash (preferred), or consider extending one of the following types with your repository: org.springframework.data.keyvalue.repository.KeyValueRepository
2026-09-07 18:03:13.330 [restartedMain] INFO  o.s.d.r.c.RepositoryConfigurationExtensionSupport - Spring Data Redis - Could not safely identify store assignment for repository candidate interface com.chronos.Idao.IOrganizationUnitRepository; If you want this repository to be a Redis repository, consider annotating your entities with one of these annotations: org.springframework.data.redis.core.RedisHash (preferred), or consider extending one of the following types with your repository: org.springframework.data.keyvalue.repository.KeyValueRepository
2026-09-07 18:03:13.330 [restartedMain] INFO  o.s.d.r.c.RepositoryConfigurationExtensionSupport - Spring Data Redis - Could not safely identify store assignment for repository candidate interface com.chronos.Idao.IPermissionRepository; If you want this repository to be a Redis repository, consider annotating your entities with one of these annotations: org.springframework.data.redis.core.RedisHash (preferred), or consider extending one of the following types with your repository: org.springframework.data.keyvalue.repository.KeyValueRepository
2026-09-07 18:03:13.330 [restartedMain] INFO  o.s.d.r.c.RepositoryConfigurationExtensionSupport - Spring Data Redis - Could not safely identify store assignment for repository candidate interface com.chronos.Idao.IPortalApplicationRepository; If you want this repository to be a Redis repository, consider annotating your entities with one of these annotations: org.springframework.data.redis.core.RedisHash (preferred), or consider extending one of the following types with your repository: org.springframework.data.keyvalue.repository.KeyValueRepository
2026-09-07 18:03:13.330 [restartedMain] INFO  o.s.d.r.c.RepositoryConfigurationExtensionSupport - Spring Data Redis - Could not safely identify store assignment for repository candidate interface com.chronos.Idao.IPortalWidgetRepository; If you want this repository to be a Redis repository, consider annotating your entities with one of these annotations: org.springframework.data.redis.core.RedisHash (preferred), or consider extending one of the following types with your repository: org.springframework.data.keyvalue.repository.KeyValueRepository
2026-09-07 18:03:13.330 [restartedMain] INFO  o.s.d.r.c.RepositoryConfigurationExtensionSupport - Spring Data Redis - Could not safely identify store assignment for repository candidate interface com.chronos.Idao.IPositionRepository; If you want this repository to be a Redis repository, consider annotating your entities with one of these annotations: org.springframework.data.redis.core.RedisHash (preferred), or consider extending one of the following types with your repository: org.springframework.data.keyvalue.repository.KeyValueRepository
2026-09-07 18:03:13.330 [restartedMain] INFO  o.s.d.r.c.RepositoryConfigurationExtensionSupport - Spring Data Redis - Could not safely identify store assignment for repository candidate interface com.chronos.Idao.IRefreshTokenRepository; If you want this repository to be a Redis repository, consider annotating your entities with one of these annotations: org.springframework.data.redis.core.RedisHash (preferred), or consider extending one of the following types with your repository: org.springframework.data.keyvalue.repository.KeyValueRepository
2026-09-07 18:03:13.330 [restartedMain] INFO  o.s.d.r.c.RepositoryConfigurationExtensionSupport - Spring Data Redis - Could not safely identify store assignment for repository candidate interface com.chronos.Idao.IRoleDataScopeRepository; If you want this repository to be a Redis repository, consider annotating your entities with one of these annotations: org.springframework.data.redis.core.RedisHash (preferred), or consider extending one of the following types with your repository: org.springframework.data.keyvalue.repository.KeyValueRepository
2026-09-07 18:03:13.330 [restartedMain] INFO  o.s.d.r.c.RepositoryConfigurationExtensionSupport - Spring Data Redis - Could not safely identify store assignment for repository candidate interface com.chronos.Idao.IRoleMenuPermissionRepository; If you want this repository to be a Redis repository, consider annotating your entities with one of these annotations: org.springframework.data.redis.core.RedisHash (preferred), or consider extending one of the following types with your repository: org.springframework.data.keyvalue.repository.KeyValueRepository
2026-09-07 18:03:13.330 [restartedMain] INFO  o.s.d.r.c.RepositoryConfigurationExtensionSupport - Spring Data Redis - Could not safely identify store assignment for repository candidate interface com.chronos.Idao.IRolePermissionRepository; If you want this repository to be a Redis repository, consider annotating your entities with one of these annotations: org.springframework.data.redis.core.RedisHash (preferred), or consider extending one of the following types with your repository: org.springframework.data.keyvalue.repository.KeyValueRepository
2026-09-07 18:03:13.330 [restartedMain] INFO  o.s.d.r.c.RepositoryConfigurationExtensionSupport - Spring Data Redis - Could not safely identify store assignment for repository candidate interface com.chronos.Idao.IRoleRepository; If you want this repository to be a Redis repository, consider annotating your entities with one of these annotations: org.springframework.data.redis.core.RedisHash (preferred), or consider extending one of the following types with your repository: org.springframework.data.keyvalue.repository.KeyValueRepository
2026-09-07 18:03:13.331 [restartedMain] INFO  o.s.d.r.c.RepositoryConfigurationExtensionSupport - Spring Data Redis - Could not safely identify store assignment for repository candidate interface com.chronos.Idao.IUserPortalApplicationRepository; If you want this repository to be a Redis repository, consider annotating your entities with one of these annotations: org.springframework.data.redis.core.RedisHash (preferred), or consider extending one of the following types with your repository: org.springframework.data.keyvalue.repository.KeyValueRepository
2026-09-07 18:03:13.331 [restartedMain] INFO  o.s.d.r.c.RepositoryConfigurationExtensionSupport - Spring Data Redis - Could not safely identify store assignment for repository candidate interface com.chronos.Idao.IUserPortalPreferenceRepository; If you want this repository to be a Redis repository, consider annotating your entities with one of these annotations: org.springframework.data.redis.core.RedisHash (preferred), or consider extending one of the following types with your repository: org.springframework.data.keyvalue.repository.KeyValueRepository
2026-09-07 18:03:13.331 [restartedMain] INFO  o.s.d.r.c.RepositoryConfigurationExtensionSupport - Spring Data Redis - Could not safely identify store assignment for repository candidate interface com.chronos.Idao.form.IFormDefinitionRepository; If you want this repository to be a Redis repository, consider annotating your entities with one of these annotations: org.springframework.data.redis.core.RedisHash (preferred), or consider extending one of the following types with your repository: org.springframework.data.keyvalue.repository.KeyValueRepository
2026-09-07 18:03:13.331 [restartedMain] INFO  o.s.d.r.c.RepositoryConfigurationExtensionSupport - Spring Data Redis - Could not safely identify store assignment for repository candidate interface com.chronos.Idao.form.IFormFieldRepository; If you want this repository to be a Redis repository, consider annotating your entities with one of these annotations: org.springframework.data.redis.core.RedisHash (preferred), or consider extending one of the following types with your repository: org.springframework.data.keyvalue.repository.KeyValueRepository
2026-09-07 18:03:13.331 [restartedMain] INFO  o.s.d.r.c.RepositoryConfigurationExtensionSupport - Spring Data Redis - Could not safely identify store assignment for repository candidate interface com.chronos.Idao.form.IFormInstanceRepository; If you want this repository to be a Redis repository, consider annotating your entities with one of these annotations: org.springframework.data.redis.core.RedisHash (preferred), or consider extending one of the following types with your repository: org.springframework.data.keyvalue.repository.KeyValueRepository
2026-09-07 18:03:13.331 [restartedMain] INFO  o.s.d.r.c.RepositoryConfigurationExtensionSupport - Spring Data Redis - Could not safely identify store assignment for repository candidate interface com.chronos.Idao.workflow.IWorkflowAiSettingRepository; If you want this repository to be a Redis repository, consider annotating your entities with one of these annotations: org.springframework.data.redis.core.RedisHash (preferred), or consider extending one of the following types with your repository: org.springframework.data.keyvalue.repository.KeyValueRepository
2026-09-07 18:03:13.331 [restartedMain] INFO  o.s.d.r.c.RepositoryConfigurationExtensionSupport - Spring Data Redis - Could not safely identify store assignment for repository candidate interface com.chronos.Idao.workflow.IWorkflowDefinitionAclRepository; If you want this repository to be a Redis repository, consider annotating your entities with one of these annotations: org.springframework.data.redis.core.RedisHash (preferred), or consider extending one of the following types with your repository: org.springframework.data.keyvalue.repository.KeyValueRepository
2026-09-07 18:03:13.331 [restartedMain] INFO  o.s.d.r.c.RepositoryConfigurationExtensionSupport - Spring Data Redis - Could not safely identify store assignment for repository candidate interface com.chronos.Idao.workflow.IWorkflowDefinitionRepository; If you want this repository to be a Redis repository, consider annotating your entities with one of these annotations: org.springframework.data.redis.core.RedisHash (preferred), or consider extending one of the following types with your repository: org.springframework.data.keyvalue.repository.KeyValueRepository
2026-09-07 18:03:13.331 [restartedMain] INFO  o.s.d.r.c.RepositoryConfigurationExtensionSupport - Spring Data Redis - Could not safely identify store assignment for repository candidate interface com.chronos.Idao.workflow.IWorkflowDelegationRepository; If you want this repository to be a Redis repository, consider annotating your entities with one of these annotations: org.springframework.data.redis.core.RedisHash (preferred), or consider extending one of the following types with your repository: org.springframework.data.keyvalue.repository.KeyValueRepository
2026-09-07 18:03:13.331 [restartedMain] INFO  o.s.d.r.c.RepositoryConfigurationExtensionSupport - Spring Data Redis - Could not safely identify store assignment for repository candidate interface com.chronos.Idao.workflow.IWorkflowEdgeRepository; If you want this repository to be a Redis repository, consider annotating your entities with one of these annotations: org.springframework.data.redis.core.RedisHash (preferred), or consider extending one of the following types with your repository: org.springframework.data.keyvalue.repository.KeyValueRepository
2026-09-07 18:03:13.331 [restartedMain] INFO  o.s.d.r.c.RepositoryConfigurationExtensionSupport - Spring Data Redis - Could not safely identify store assignment for repository candidate interface com.chronos.Idao.workflow.IWorkflowExecutionLogRepository; If you want this repository to be a Redis repository, consider annotating your entities with one of these annotations: org.springframework.data.redis.core.RedisHash (preferred), or consider extending one of the following types with your repository: org.springframework.data.keyvalue.repository.KeyValueRepository
2026-09-07 18:03:13.331 [restartedMain] INFO  o.s.d.r.c.RepositoryConfigurationExtensionSupport - Spring Data Redis - Could not safely identify store assignment for repository candidate interface com.chronos.Idao.workflow.IWorkflowIdempotencyRepository; If you want this repository to be a Redis repository, consider annotating your entities with one of these annotations: org.springframework.data.redis.core.RedisHash (preferred), or consider extending one of the following types with your repository: org.springframework.data.keyvalue.repository.KeyValueRepository
2026-09-07 18:03:13.331 [restartedMain] INFO  o.s.d.r.c.RepositoryConfigurationExtensionSupport - Spring Data Redis - Could not safely identify store assignment for repository candidate interface com.chronos.Idao.workflow.IWorkflowIncidentRepository; If you want this repository to be a Redis repository, consider annotating your entities with one of these annotations: org.springframework.data.redis.core.RedisHash (preferred), or consider extending one of the following types with your repository: org.springframework.data.keyvalue.repository.KeyValueRepository
2026-09-07 18:03:13.331 [restartedMain] INFO  o.s.d.r.c.RepositoryConfigurationExtensionSupport - Spring Data Redis - Could not safely identify store assignment for repository candidate interface com.chronos.Idao.workflow.IWorkflowInstanceParticipantRepository; If you want this repository to be a Redis repository, consider annotating your entities with one of these annotations: org.springframework.data.redis.core.RedisHash (preferred), or consider extending one of the following types with your repository: org.springframework.data.keyvalue.repository.KeyValueRepository
2026-09-07 18:03:13.331 [restartedMain] INFO  o.s.d.r.c.RepositoryConfigurationExtensionSupport - Spring Data Redis - Could not safely identify store assignment for repository candidate interface com.chronos.Idao.workflow.IWorkflowInstanceRepository; If you want this repository to be a Redis repository, consider annotating your entities with one of these annotations: org.springframework.data.redis.core.RedisHash (preferred), or consider extending one of the following types with your repository: org.springframework.data.keyvalue.repository.KeyValueRepository
2026-09-07 18:03:13.331 [restartedMain] INFO  o.s.d.r.c.RepositoryConfigurationExtensionSupport - Spring Data Redis - Could not safely identify store assignment for repository candidate interface com.chronos.Idao.workflow.IWorkflowNodeRepository; If you want this repository to be a Redis repository, consider annotating your entities with one of these annotations: org.springframework.data.redis.core.RedisHash (preferred), or consider extending one of the following types with your repository: org.springframework.data.keyvalue.repository.KeyValueRepository
2026-09-07 18:03:13.331 [restartedMain] INFO  o.s.d.r.c.RepositoryConfigurationExtensionSupport - Spring Data Redis - Could not safely identify store assignment for repository candidate interface com.chronos.Idao.workflow.IWorkflowNotificationRepository; If you want this repository to be a Redis repository, consider annotating your entities with one of these annotations: org.springframework.data.redis.core.RedisHash (preferred), or consider extending one of the following types with your repository: org.springframework.data.keyvalue.repository.KeyValueRepository
2026-09-07 18:03:13.331 [restartedMain] INFO  o.s.d.r.c.RepositoryConfigurationExtensionSupport - Spring Data Redis - Could not safely identify store assignment for repository candidate interface com.chronos.Idao.workflow.IWorkflowOutboxRepository; If you want this repository to be a Redis repository, consider annotating your entities with one of these annotations: org.springframework.data.redis.core.RedisHash (preferred), or consider extending one of the following types with your repository: org.springframework.data.keyvalue.repository.KeyValueRepository
2026-09-07 18:03:13.331 [restartedMain] INFO  o.s.d.r.c.RepositoryConfigurationExtensionSupport - Spring Data Redis - Could not safely identify store assignment for repository candidate interface com.chronos.Idao.workflow.IWorkflowReviewRepository; If you want this repository to be a Redis repository, consider annotating your entities with one of these annotations: org.springframework.data.redis.core.RedisHash (preferred), or consider extending one of the following types with your repository: org.springframework.data.keyvalue.repository.KeyValueRepository
2026-09-07 18:03:13.332 [restartedMain] INFO  o.s.d.r.c.RepositoryConfigurationExtensionSupport - Spring Data Redis - Could not safely identify store assignment for repository candidate interface com.chronos.Idao.workflow.IWorkflowTaskCandidateRepository; If you want this repository to be a Redis repository, consider annotating your entities with one of these annotations: org.springframework.data.redis.core.RedisHash (preferred), or consider extending one of the following types with your repository: org.springframework.data.keyvalue.repository.KeyValueRepository
2026-09-07 18:03:13.332 [restartedMain] INFO  o.s.d.r.c.RepositoryConfigurationExtensionSupport - Spring Data Redis - Could not safely identify store assignment for repository candidate interface com.chronos.Idao.workflow.IWorkflowTaskRepository; If you want this repository to be a Redis repository, consider annotating your entities with one of these annotations: org.springframework.data.redis.core.RedisHash (preferred), or consider extending one of the following types with your repository: org.springframework.data.keyvalue.repository.KeyValueRepository
2026-09-07 18:03:13.332 [restartedMain] INFO  o.s.d.r.c.RepositoryConfigurationExtensionSupport - Spring Data Redis - Could not safely identify store assignment for repository candidate interface com.chronos.message.Idao.INotificationChannelPolicyRepository; If you want this repository to be a Redis repository, consider annotating your entities with one of these annotations: org.springframework.data.redis.core.RedisHash (preferred), or consider extending one of the following types with your repository: org.springframework.data.keyvalue.repository.KeyValueRepository
2026-09-07 18:03:13.332 [restartedMain] INFO  o.s.d.r.c.RepositoryConfigurationExtensionSupport - Spring Data Redis - Could not safely identify store assignment for repository candidate interface com.chronos.message.Idao.INotificationChannelPreferenceRepository; If you want this repository to be a Redis repository, consider annotating your entities with one of these annotations: org.springframework.data.redis.core.RedisHash (preferred), or consider extending one of the following types with your repository: org.springframework.data.keyvalue.repository.KeyValueRepository
2026-09-07 18:03:13.332 [restartedMain] INFO  o.s.d.r.c.RepositoryConfigurationExtensionSupport - Spring Data Redis - Could not safely identify store assignment for repository candidate interface com.chronos.message.Idao.INotificationTemplateRepository; If you want this repository to be a Redis repository, consider annotating your entities with one of these annotations: org.springframework.data.redis.core.RedisHash (preferred), or consider extending one of the following types with your repository: org.springframework.data.keyvalue.repository.KeyValueRepository
2026-09-07 18:03:13.332 [restartedMain] INFO  o.s.d.r.c.RepositoryConfigurationExtensionSupport - Spring Data Redis - Could not safely identify store assignment for repository candidate interface com.chronos.message.Idao.IPublicationAttachmentRepository; If you want this repository to be a Redis repository, consider annotating your entities with one of these annotations: org.springframework.data.redis.core.RedisHash (preferred), or consider extending one of the following types with your repository: org.springframework.data.keyvalue.repository.KeyValueRepository
2026-09-07 18:03:13.332 [restartedMain] INFO  o.s.d.r.c.RepositoryConfigurationExtensionSupport - Spring Data Redis - Could not safely identify store assignment for repository candidate interface com.chronos.message.Idao.IPublicationAudienceRepository; If you want this repository to be a Redis repository, consider annotating your entities with one of these annotations: org.springframework.data.redis.core.RedisHash (preferred), or consider extending one of the following types with your repository: org.springframework.data.keyvalue.repository.KeyValueRepository
2026-09-07 18:03:13.332 [restartedMain] INFO  o.s.d.r.c.RepositoryConfigurationExtensionSupport - Spring Data Redis - Could not safely identify store assignment for repository candidate interface com.chronos.message.Idao.IPublicationDeliveryRepository; If you want this repository to be a Redis repository, consider annotating your entities with one of these annotations: org.springframework.data.redis.core.RedisHash (preferred), or consider extending one of the following types with your repository: org.springframework.data.keyvalue.repository.KeyValueRepository
2026-09-07 18:03:13.332 [restartedMain] INFO  o.s.d.r.c.RepositoryConfigurationExtensionSupport - Spring Data Redis - Could not safely identify store assignment for repository candidate interface com.chronos.message.Idao.IPublicationReadRepository; If you want this repository to be a Redis repository, consider annotating your entities with one of these annotations: org.springframework.data.redis.core.RedisHash (preferred), or consider extending one of the following types with your repository: org.springframework.data.keyvalue.repository.KeyValueRepository
2026-09-07 18:03:13.332 [restartedMain] INFO  o.s.d.r.c.RepositoryConfigurationExtensionSupport - Spring Data Redis - Could not safely identify store assignment for repository candidate interface com.chronos.message.Idao.IPublicationRecipientRepository; If you want this repository to be a Redis repository, consider annotating your entities with one of these annotations: org.springframework.data.redis.core.RedisHash (preferred), or consider extending one of the following types with your repository: org.springframework.data.keyvalue.repository.KeyValueRepository
2026-09-07 18:03:13.333 [restartedMain] INFO  o.s.d.r.c.RepositoryConfigurationExtensionSupport - Spring Data Redis - Could not safely identify store assignment for repository candidate interface com.chronos.message.Idao.IPublicationRepository; If you want this repository to be a Redis repository, consider annotating your entities with one of these annotations: org.springframework.data.redis.core.RedisHash (preferred), or consider extending one of the following types with your repository: org.springframework.data.keyvalue.repository.KeyValueRepository
2026-09-07 18:03:13.333 [restartedMain] INFO  o.s.d.r.c.RepositoryConfigurationExtensionSupport - Spring Data Redis - Could not safely identify store assignment for repository candidate interface com.chronos.message.Idao.IPublicationVersionRepository; If you want this repository to be a Redis repository, consider annotating your entities with one of these annotations: org.springframework.data.redis.core.RedisHash (preferred), or consider extending one of the following types with your repository: org.springframework.data.keyvalue.repository.KeyValueRepository
2026-09-07 18:03:13.333 [restartedMain] INFO  o.s.d.r.c.RepositoryConfigurationExtensionSupport - Spring Data Redis - Could not safely identify store assignment for repository candidate interface com.chronos.industry.dao.IndustryTemplateInstallationRepository; If you want this repository to be a Redis repository, consider annotating your entities with one of these annotations: org.springframework.data.redis.core.RedisHash (preferred), or consider extending one of the following types with your repository: org.springframework.data.keyvalue.repository.KeyValueRepository
2026-09-07 18:03:13.333 [restartedMain] INFO  o.s.d.r.config.RepositoryConfigurationDelegate - Finished Spring Data repository scanning in 17 ms. Found 0 Redis repository interfaces.
2026-09-07 18:03:13.472 [restartedMain] INFO  org.springframework.boot.tomcat.TomcatWebServer - Tomcat initialized with port 8080 (http)
2026-09-07 18:03:13.473 [restartedMain] INFO  org.apache.coyote.http11.Http11NioProtocol - Initializing ProtocolHandler ["http-nio-8080"]
2026-09-07 18:03:13.473 [restartedMain] INFO  org.apache.catalina.core.StandardService - Starting service [Tomcat]
2026-09-07 18:03:13.473 [restartedMain] INFO  org.apache.catalina.core.StandardEngine - Starting Servlet engine: [Apache Tomcat/11.0.22]
2026-09-07 18:03:13.490 [restartedMain] INFO  o.s.b.w.c.servlet.WebApplicationContextInitializer - Root WebApplicationContext: initialization completed in 536 ms
2026-09-07 18:03:13.536 [restartedMain] INFO  org.hibernate.orm.jpa - HHH008540: Processing PersistenceUnitInfo [name: default]
2026-09-07 18:03:13.570 [restartedMain] INFO  o.s.o.j.persistenceunit.SpringPersistenceUnitInfo - No LoadTimeWeaver setup: ignoring JPA class transformer
2026-09-07 18:03:13.573 [restartedMain] INFO  com.alibaba.druid.pool.DruidDataSource - {dataSource-2} inited
2026-09-07 18:03:13.593 [restartedMain] WARN  org.hibernate.orm.deprecation - HHH90000025: PostgreSQLDialect does not need to be specified explicitly using 'hibernate.dialect' (remove the property setting and it will be selected by default)
2026-09-07 18:03:13.595 [restartedMain] INFO  org.hibernate.orm.connections.pooling - HHH10001005: Database info:
	Database JDBC URL [jdbc:postgresql://localhost:5432/Chronos]
	Database driver: PostgreSQL JDBC Driver
	Database dialect: PostgreSQLDialect
	Database version: 17.10
	Default catalog/schema: Chronos/public
	Autocommit mode: undefined/unknown
	Isolation level: READ_COMMITTED [default READ_COMMITTED]
	JDBC fetch size: none
	Pool: DataSourceConnectionProvider
	Minimum pool size: undefined/unknown
	Maximum pool size: undefined/unknown
2026-09-07 18:03:14.047 [restartedMain] INFO  org.hibernate.orm.core - HHH000489: No JTA platform available (set 'hibernate.transaction.jta.platform' to enable JTA platform integration)
2026-09-07 18:03:14.103 [restartedMain] INFO  o.s.orm.jpa.LocalContainerEntityManagerFactoryBean - Initialized JPA EntityManagerFactory for persistence unit 'default'
2026-09-07 18:03:14.177 [restartedMain] WARN  o.s.b.w.s.s.c.AnnotationConfigServletWebServerApplicationContext - Exception encountered during context initialization - cancelling refresh attempt: org.springframework.beans.factory.UnsatisfiedDependencyException: Error creating bean with name 'iamLifecycleScheduler' defined in file [/Users/gaomingchao/git/Chronos/Chronos/platform-iam/target/classes/com/chronos/config/IamLifecycleScheduler.class]: Unsatisfied dependency expressed through constructor parameter 4: No qualifying bean of type 'com.chronos.service.iService.IRefreshTokenService' available: expected at least 1 bean which qualifies as autowire candidate. Dependency annotations: {}
2026-09-07 18:03:14.177 [restartedMain] INFO  o.s.orm.jpa.LocalContainerEntityManagerFactoryBean - Closing JPA EntityManagerFactory for persistence unit 'default'
2026-09-07 18:03:14.178 [restartedMain] INFO  com.alibaba.druid.pool.DruidDataSource - {dataSource-2} closed
2026-09-07 18:03:14.178 [restartedMain] INFO  org.apache.catalina.core.StandardService - Stopping service [Tomcat]
2026-09-07 18:03:14.182 [restartedMain] INFO  o.s.b.a.logging.ConditionEvaluationReportLogger - 

Error starting ApplicationContext. To display the condition evaluation report re-run your application with 'debug' enabled.
2026-09-07 18:03:14.198 [restartedMain] ERROR o.s.b.diagnostics.LoggingFailureAnalysisReporter - 

***************************
APPLICATION FAILED TO START
***************************

Description:

Parameter 4 of constructor in com.chronos.config.IamLifecycleScheduler required a bean of type 'com.chronos.service.iService.IRefreshTokenService' that could not be found.


Action:

Consider defining a bean of type 'com.chronos.service.iService.IRefreshTokenService' in your configuration.

2026-09-07 18:03:17.815 [restartedMain] INFO  com.chronos.ChronosApplication - Starting ChronosApplication using Java 25.0.3 with PID 73008 (/Users/gaomingchao/git/Chronos/Chronos/hospital-app/target/classes started by gaomingchao in /Users/gaomingchao/git/Chronos/Chronos/hospital-app)
2026-09-07 18:03:17.815 [restartedMain] INFO  com.chronos.ChronosApplication - No active profile set, falling back to 1 default profile: "default"
2026-09-07 18:03:17.962 [restartedMain] INFO  o.s.d.r.config.RepositoryConfigurationDelegate - Multiple Spring Data modules found, entering strict repository configuration mode
2026-09-07 18:03:17.962 [restartedMain] INFO  o.s.d.r.config.RepositoryConfigurationDelegate - Bootstrapping Spring Data JPA repositories in DEFAULT mode.
2026-09-07 18:03:17.999 [restartedMain] INFO  o.s.d.r.config.RepositoryConfigurationDelegate - Finished Spring Data repository scanning in 35 ms. Found 52 JPA repository interfaces.
2026-09-07 18:03:18.053 [restartedMain] INFO  o.s.d.r.config.RepositoryConfigurationDelegate - Multiple Spring Data modules found, entering strict repository configuration mode
2026-09-07 18:03:18.053 [restartedMain] INFO  o.s.d.r.config.RepositoryConfigurationDelegate - Bootstrapping Spring Data Redis repositories in DEFAULT mode.
2026-09-07 18:03:18.062 [restartedMain] INFO  o.s.d.r.c.RepositoryConfigurationExtensionSupport - Spring Data Redis - Could not safely identify store assignment for repository candidate interface com.chronos.Idao.IAuditLogRepository; If you want this repository to be a Redis repository, consider annotating your entities with one of these annotations: org.springframework.data.redis.core.RedisHash (preferred), or consider extending one of the following types with your repository: org.springframework.data.keyvalue.repository.KeyValueRepository
2026-09-07 18:03:18.062 [restartedMain] INFO  o.s.d.r.c.RepositoryConfigurationExtensionSupport - Spring Data Redis - Could not safely identify store assignment for repository candidate interface com.chronos.Idao.IAdminUserRepository; If you want this repository to be a Redis repository, consider annotating your entities with one of these annotations: org.springframework.data.redis.core.RedisHash (preferred), or consider extending one of the following types with your repository: org.springframework.data.keyvalue.repository.KeyValueRepository
2026-09-07 18:03:18.062 [restartedMain] INFO  o.s.d.r.c.RepositoryConfigurationExtensionSupport - Spring Data Redis - Could not safely identify store assignment for repository candidate interface com.chronos.Idao.IConsumerUserRepository; If you want this repository to be a Redis repository, consider annotating your entities with one of these annotations: org.springframework.data.redis.core.RedisHash (preferred), or consider extending one of the following types with your repository: org.springframework.data.keyvalue.repository.KeyValueRepository
2026-09-07 18:03:18.062 [restartedMain] INFO  o.s.d.r.c.RepositoryConfigurationExtensionSupport - Spring Data Redis - Could not safely identify store assignment for repository candidate interface com.chronos.Idao.IDictRepository; If you want this repository to be a Redis repository, consider annotating your entities with one of these annotations: org.springframework.data.redis.core.RedisHash (preferred), or consider extending one of the following types with your repository: org.springframework.data.keyvalue.repository.KeyValueRepository
2026-09-07 18:03:18.062 [restartedMain] INFO  o.s.d.r.c.RepositoryConfigurationExtensionSupport - Spring Data Redis - Could not safely identify store assignment for repository candidate interface com.chronos.Idao.IEmployeeAssignmentRepository; If you want this repository to be a Redis repository, consider annotating your entities with one of these annotations: org.springframework.data.redis.core.RedisHash (preferred), or consider extending one of the following types with your repository: org.springframework.data.keyvalue.repository.KeyValueRepository
2026-09-07 18:03:18.062 [restartedMain] INFO  o.s.d.r.c.RepositoryConfigurationExtensionSupport - Spring Data Redis - Could not safely identify store assignment for repository candidate interface com.chronos.Idao.IEmployeeRepository; If you want this repository to be a Redis repository, consider annotating your entities with one of these annotations: org.springframework.data.redis.core.RedisHash (preferred), or consider extending one of the following types with your repository: org.springframework.data.keyvalue.repository.KeyValueRepository
2026-09-07 18:03:18.062 [restartedMain] INFO  o.s.d.r.c.RepositoryConfigurationExtensionSupport - Spring Data Redis - Could not safely identify store assignment for repository candidate interface com.chronos.Idao.IJobLevelRepository; If you want this repository to be a Redis repository, consider annotating your entities with one of these annotations: org.springframework.data.redis.core.RedisHash (preferred), or consider extending one of the following types with your repository: org.springframework.data.keyvalue.repository.KeyValueRepository
2026-09-07 18:03:18.062 [restartedMain] INFO  o.s.d.r.c.RepositoryConfigurationExtensionSupport - Spring Data Redis - Could not safely identify store assignment for repository candidate interface com.chronos.Idao.IJobTitleRepository; If you want this repository to be a Redis repository, consider annotating your entities with one of these annotations: org.springframework.data.redis.core.RedisHash (preferred), or consider extending one of the following types with your repository: org.springframework.data.keyvalue.repository.KeyValueRepository
2026-09-07 18:03:18.062 [restartedMain] INFO  o.s.d.r.c.RepositoryConfigurationExtensionSupport - Spring Data Redis - Could not safely identify store assignment for repository candidate interface com.chronos.Idao.IMenuRepository; If you want this repository to be a Redis repository, consider annotating your entities with one of these annotations: org.springframework.data.redis.core.RedisHash (preferred), or consider extending one of the following types with your repository: org.springframework.data.keyvalue.repository.KeyValueRepository
2026-09-07 18:03:18.062 [restartedMain] INFO  o.s.d.r.c.RepositoryConfigurationExtensionSupport - Spring Data Redis - Could not safely identify store assignment for repository candidate interface com.chronos.Idao.IOrganizationRepository; If you want this repository to be a Redis repository, consider annotating your entities with one of these annotations: org.springframework.data.redis.core.RedisHash (preferred), or consider extending one of the following types with your repository: org.springframework.data.keyvalue.repository.KeyValueRepository
2026-09-07 18:03:18.062 [restartedMain] INFO  o.s.d.r.c.RepositoryConfigurationExtensionSupport - Spring Data Redis - Could not safely identify store assignment for repository candidate interface com.chronos.Idao.IOrganizationUnitRepository; If you want this repository to be a Redis repository, consider annotating your entities with one of these annotations: org.springframework.data.redis.core.RedisHash (preferred), or consider extending one of the following types with your repository: org.springframework.data.keyvalue.repository.KeyValueRepository
2026-09-07 18:03:18.062 [restartedMain] INFO  o.s.d.r.c.RepositoryConfigurationExtensionSupport - Spring Data Redis - Could not safely identify store assignment for repository candidate interface com.chronos.Idao.IPermissionRepository; If you want this repository to be a Redis repository, consider annotating your entities with one of these annotations: org.springframework.data.redis.core.RedisHash (preferred), or consider extending one of the following types with your repository: org.springframework.data.keyvalue.repository.KeyValueRepository
2026-09-07 18:03:18.062 [restartedMain] INFO  o.s.d.r.c.RepositoryConfigurationExtensionSupport - Spring Data Redis - Could not safely identify store assignment for repository candidate interface com.chronos.Idao.IPortalApplicationRepository; If you want this repository to be a Redis repository, consider annotating your entities with one of these annotations: org.springframework.data.redis.core.RedisHash (preferred), or consider extending one of the following types with your repository: org.springframework.data.keyvalue.repository.KeyValueRepository
2026-09-07 18:03:18.062 [restartedMain] INFO  o.s.d.r.c.RepositoryConfigurationExtensionSupport - Spring Data Redis - Could not safely identify store assignment for repository candidate interface com.chronos.Idao.IPortalWidgetRepository; If you want this repository to be a Redis repository, consider annotating your entities with one of these annotations: org.springframework.data.redis.core.RedisHash (preferred), or consider extending one of the following types with your repository: org.springframework.data.keyvalue.repository.KeyValueRepository
2026-09-07 18:03:18.062 [restartedMain] INFO  o.s.d.r.c.RepositoryConfigurationExtensionSupport - Spring Data Redis - Could not safely identify store assignment for repository candidate interface com.chronos.Idao.IPositionRepository; If you want this repository to be a Redis repository, consider annotating your entities with one of these annotations: org.springframework.data.redis.core.RedisHash (preferred), or consider extending one of the following types with your repository: org.springframework.data.keyvalue.repository.KeyValueRepository
2026-09-07 18:03:18.062 [restartedMain] INFO  o.s.d.r.c.RepositoryConfigurationExtensionSupport - Spring Data Redis - Could not safely identify store assignment for repository candidate interface com.chronos.Idao.IRefreshTokenRepository; If you want this repository to be a Redis repository, consider annotating your entities with one of these annotations: org.springframework.data.redis.core.RedisHash (preferred), or consider extending one of the following types with your repository: org.springframework.data.keyvalue.repository.KeyValueRepository
2026-09-07 18:03:18.062 [restartedMain] INFO  o.s.d.r.c.RepositoryConfigurationExtensionSupport - Spring Data Redis - Could not safely identify store assignment for repository candidate interface com.chronos.Idao.IRoleDataScopeRepository; If you want this repository to be a Redis repository, consider annotating your entities with one of these annotations: org.springframework.data.redis.core.RedisHash (preferred), or consider extending one of the following types with your repository: org.springframework.data.keyvalue.repository.KeyValueRepository
2026-09-07 18:03:18.062 [restartedMain] INFO  o.s.d.r.c.RepositoryConfigurationExtensionSupport - Spring Data Redis - Could not safely identify store assignment for repository candidate interface com.chronos.Idao.IRoleMenuPermissionRepository; If you want this repository to be a Redis repository, consider annotating your entities with one of these annotations: org.springframework.data.redis.core.RedisHash (preferred), or consider extending one of the following types with your repository: org.springframework.data.keyvalue.repository.KeyValueRepository
2026-09-07 18:03:18.062 [restartedMain] INFO  o.s.d.r.c.RepositoryConfigurationExtensionSupport - Spring Data Redis - Could not safely identify store assignment for repository candidate interface com.chronos.Idao.IRolePermissionRepository; If you want this repository to be a Redis repository, consider annotating your entities with one of these annotations: org.springframework.data.redis.core.RedisHash (preferred), or consider extending one of the following types with your repository: org.springframework.data.keyvalue.repository.KeyValueRepository
2026-09-07 18:03:18.063 [restartedMain] INFO  o.s.d.r.c.RepositoryConfigurationExtensionSupport - Spring Data Redis - Could not safely identify store assignment for repository candidate interface com.chronos.Idao.IRoleRepository; If you want this repository to be a Redis repository, consider annotating your entities with one of these annotations: org.springframework.data.redis.core.RedisHash (preferred), or consider extending one of the following types with your repository: org.springframework.data.keyvalue.repository.KeyValueRepository
2026-09-07 18:03:18.063 [restartedMain] INFO  o.s.d.r.c.RepositoryConfigurationExtensionSupport - Spring Data Redis - Could not safely identify store assignment for repository candidate interface com.chronos.Idao.IUserPortalApplicationRepository; If you want this repository to be a Redis repository, consider annotating your entities with one of these annotations: org.springframework.data.redis.core.RedisHash (preferred), or consider extending one of the following types with your repository: org.springframework.data.keyvalue.repository.KeyValueRepository
2026-09-07 18:03:18.063 [restartedMain] INFO  o.s.d.r.c.RepositoryConfigurationExtensionSupport - Spring Data Redis - Could not safely identify store assignment for repository candidate interface com.chronos.Idao.IUserPortalPreferenceRepository; If you want this repository to be a Redis repository, consider annotating your entities with one of these annotations: org.springframework.data.redis.core.RedisHash (preferred), or consider extending one of the following types with your repository: org.springframework.data.keyvalue.repository.KeyValueRepository
2026-09-07 18:03:18.063 [restartedMain] INFO  o.s.d.r.c.RepositoryConfigurationExtensionSupport - Spring Data Redis - Could not safely identify store assignment for repository candidate interface com.chronos.Idao.form.IFormDefinitionRepository; If you want this repository to be a Redis repository, consider annotating your entities with one of these annotations: org.springframework.data.redis.core.RedisHash (preferred), or consider extending one of the following types with your repository: org.springframework.data.keyvalue.repository.KeyValueRepository
2026-09-07 18:03:18.063 [restartedMain] INFO  o.s.d.r.c.RepositoryConfigurationExtensionSupport - Spring Data Redis - Could not safely identify store assignment for repository candidate interface com.chronos.Idao.form.IFormFieldRepository; If you want this repository to be a Redis repository, consider annotating your entities with one of these annotations: org.springframework.data.redis.core.RedisHash (preferred), or consider extending one of the following types with your repository: org.springframework.data.keyvalue.repository.KeyValueRepository
2026-09-07 18:03:18.063 [restartedMain] INFO  o.s.d.r.c.RepositoryConfigurationExtensionSupport - Spring Data Redis - Could not safely identify store assignment for repository candidate interface com.chronos.Idao.form.IFormInstanceRepository; If you want this repository to be a Redis repository, consider annotating your entities with one of these annotations: org.springframework.data.redis.core.RedisHash (preferred), or consider extending one of the following types with your repository: org.springframework.data.keyvalue.repository.KeyValueRepository
2026-09-07 18:03:18.063 [restartedMain] INFO  o.s.d.r.c.RepositoryConfigurationExtensionSupport - Spring Data Redis - Could not safely identify store assignment for repository candidate interface com.chronos.Idao.workflow.IWorkflowAiSettingRepository; If you want this repository to be a Redis repository, consider annotating your entities with one of these annotations: org.springframework.data.redis.core.RedisHash (preferred), or consider extending one of the following types with your repository: org.springframework.data.keyvalue.repository.KeyValueRepository
2026-09-07 18:03:18.063 [restartedMain] INFO  o.s.d.r.c.RepositoryConfigurationExtensionSupport - Spring Data Redis - Could not safely identify store assignment for repository candidate interface com.chronos.Idao.workflow.IWorkflowDefinitionAclRepository; If you want this repository to be a Redis repository, consider annotating your entities with one of these annotations: org.springframework.data.redis.core.RedisHash (preferred), or consider extending one of the following types with your repository: org.springframework.data.keyvalue.repository.KeyValueRepository
2026-09-07 18:03:18.063 [restartedMain] INFO  o.s.d.r.c.RepositoryConfigurationExtensionSupport - Spring Data Redis - Could not safely identify store assignment for repository candidate interface com.chronos.Idao.workflow.IWorkflowDefinitionRepository; If you want this repository to be a Redis repository, consider annotating your entities with one of these annotations: org.springframework.data.redis.core.RedisHash (preferred), or consider extending one of the following types with your repository: org.springframework.data.keyvalue.repository.KeyValueRepository
2026-09-07 18:03:18.063 [restartedMain] INFO  o.s.d.r.c.RepositoryConfigurationExtensionSupport - Spring Data Redis - Could not safely identify store assignment for repository candidate interface com.chronos.Idao.workflow.IWorkflowDelegationRepository; If you want this repository to be a Redis repository, consider annotating your entities with one of these annotations: org.springframework.data.redis.core.RedisHash (preferred), or consider extending one of the following types with your repository: org.springframework.data.keyvalue.repository.KeyValueRepository
2026-09-07 18:03:18.063 [restartedMain] INFO  o.s.d.r.c.RepositoryConfigurationExtensionSupport - Spring Data Redis - Could not safely identify store assignment for repository candidate interface com.chronos.Idao.workflow.IWorkflowEdgeRepository; If you want this repository to be a Redis repository, consider annotating your entities with one of these annotations: org.springframework.data.redis.core.RedisHash (preferred), or consider extending one of the following types with your repository: org.springframework.data.keyvalue.repository.KeyValueRepository
2026-09-07 18:03:18.063 [restartedMain] INFO  o.s.d.r.c.RepositoryConfigurationExtensionSupport - Spring Data Redis - Could not safely identify store assignment for repository candidate interface com.chronos.Idao.workflow.IWorkflowExecutionLogRepository; If you want this repository to be a Redis repository, consider annotating your entities with one of these annotations: org.springframework.data.redis.core.RedisHash (preferred), or consider extending one of the following types with your repository: org.springframework.data.keyvalue.repository.KeyValueRepository
2026-09-07 18:03:18.063 [restartedMain] INFO  o.s.d.r.c.RepositoryConfigurationExtensionSupport - Spring Data Redis - Could not safely identify store assignment for repository candidate interface com.chronos.Idao.workflow.IWorkflowIdempotencyRepository; If you want this repository to be a Redis repository, consider annotating your entities with one of these annotations: org.springframework.data.redis.core.RedisHash (preferred), or consider extending one of the following types with your repository: org.springframework.data.keyvalue.repository.KeyValueRepository
2026-09-07 18:03:18.063 [restartedMain] INFO  o.s.d.r.c.RepositoryConfigurationExtensionSupport - Spring Data Redis - Could not safely identify store assignment for repository candidate interface com.chronos.Idao.workflow.IWorkflowIncidentRepository; If you want this repository to be a Redis repository, consider annotating your entities with one of these annotations: org.springframework.data.redis.core.RedisHash (preferred), or consider extending one of the following types with your repository: org.springframework.data.keyvalue.repository.KeyValueRepository
2026-09-07 18:03:18.063 [restartedMain] INFO  o.s.d.r.c.RepositoryConfigurationExtensionSupport - Spring Data Redis - Could not safely identify store assignment for repository candidate interface com.chronos.Idao.workflow.IWorkflowInstanceParticipantRepository; If you want this repository to be a Redis repository, consider annotating your entities with one of these annotations: org.springframework.data.redis.core.RedisHash (preferred), or consider extending one of the following types with your repository: org.springframework.data.keyvalue.repository.KeyValueRepository
2026-09-07 18:03:18.063 [restartedMain] INFO  o.s.d.r.c.RepositoryConfigurationExtensionSupport - Spring Data Redis - Could not safely identify store assignment for repository candidate interface com.chronos.Idao.workflow.IWorkflowInstanceRepository; If you want this repository to be a Redis repository, consider annotating your entities with one of these annotations: org.springframework.data.redis.core.RedisHash (preferred), or consider extending one of the following types with your repository: org.springframework.data.keyvalue.repository.KeyValueRepository
2026-09-07 18:03:18.063 [restartedMain] INFO  o.s.d.r.c.RepositoryConfigurationExtensionSupport - Spring Data Redis - Could not safely identify store assignment for repository candidate interface com.chronos.Idao.workflow.IWorkflowNodeRepository; If you want this repository to be a Redis repository, consider annotating your entities with one of these annotations: org.springframework.data.redis.core.RedisHash (preferred), or consider extending one of the following types with your repository: org.springframework.data.keyvalue.repository.KeyValueRepository
2026-09-07 18:03:18.063 [restartedMain] INFO  o.s.d.r.c.RepositoryConfigurationExtensionSupport - Spring Data Redis - Could not safely identify store assignment for repository candidate interface com.chronos.Idao.workflow.IWorkflowNotificationRepository; If you want this repository to be a Redis repository, consider annotating your entities with one of these annotations: org.springframework.data.redis.core.RedisHash (preferred), or consider extending one of the following types with your repository: org.springframework.data.keyvalue.repository.KeyValueRepository
2026-09-07 18:03:18.063 [restartedMain] INFO  o.s.d.r.c.RepositoryConfigurationExtensionSupport - Spring Data Redis - Could not safely identify store assignment for repository candidate interface com.chronos.Idao.workflow.IWorkflowOutboxRepository; If you want this repository to be a Redis repository, consider annotating your entities with one of these annotations: org.springframework.data.redis.core.RedisHash (preferred), or consider extending one of the following types with your repository: org.springframework.data.keyvalue.repository.KeyValueRepository
2026-09-07 18:03:18.063 [restartedMain] INFO  o.s.d.r.c.RepositoryConfigurationExtensionSupport - Spring Data Redis - Could not safely identify store assignment for repository candidate interface com.chronos.Idao.workflow.IWorkflowReviewRepository; If you want this repository to be a Redis repository, consider annotating your entities with one of these annotations: org.springframework.data.redis.core.RedisHash (preferred), or consider extending one of the following types with your repository: org.springframework.data.keyvalue.repository.KeyValueRepository
2026-09-07 18:03:18.063 [restartedMain] INFO  o.s.d.r.c.RepositoryConfigurationExtensionSupport - Spring Data Redis - Could not safely identify store assignment for repository candidate interface com.chronos.Idao.workflow.IWorkflowTaskCandidateRepository; If you want this repository to be a Redis repository, consider annotating your entities with one of these annotations: org.springframework.data.redis.core.RedisHash (preferred), or consider extending one of the following types with your repository: org.springframework.data.keyvalue.repository.KeyValueRepository
2026-09-07 18:03:18.063 [restartedMain] INFO  o.s.d.r.c.RepositoryConfigurationExtensionSupport - Spring Data Redis - Could not safely identify store assignment for repository candidate interface com.chronos.Idao.workflow.IWorkflowTaskRepository; If you want this repository to be a Redis repository, consider annotating your entities with one of these annotations: org.springframework.data.redis.core.RedisHash (preferred), or consider extending one of the following types with your repository: org.springframework.data.keyvalue.repository.KeyValueRepository
2026-09-07 18:03:18.063 [restartedMain] INFO  o.s.d.r.c.RepositoryConfigurationExtensionSupport - Spring Data Redis - Could not safely identify store assignment for repository candidate interface com.chronos.message.Idao.INotificationChannelPolicyRepository; If you want this repository to be a Redis repository, consider annotating your entities with one of these annotations: org.springframework.data.redis.core.RedisHash (preferred), or consider extending one of the following types with your repository: org.springframework.data.keyvalue.repository.KeyValueRepository
2026-09-07 18:03:18.063 [restartedMain] INFO  o.s.d.r.c.RepositoryConfigurationExtensionSupport - Spring Data Redis - Could not safely identify store assignment for repository candidate interface com.chronos.message.Idao.INotificationChannelPreferenceRepository; If you want this repository to be a Redis repository, consider annotating your entities with one of these annotations: org.springframework.data.redis.core.RedisHash (preferred), or consider extending one of the following types with your repository: org.springframework.data.keyvalue.repository.KeyValueRepository
2026-09-07 18:03:18.063 [restartedMain] INFO  o.s.d.r.c.RepositoryConfigurationExtensionSupport - Spring Data Redis - Could not safely identify store assignment for repository candidate interface com.chronos.message.Idao.INotificationTemplateRepository; If you want this repository to be a Redis repository, consider annotating your entities with one of these annotations: org.springframework.data.redis.core.RedisHash (preferred), or consider extending one of the following types with your repository: org.springframework.data.keyvalue.repository.KeyValueRepository
2026-09-07 18:03:18.063 [restartedMain] INFO  o.s.d.r.c.RepositoryConfigurationExtensionSupport - Spring Data Redis - Could not safely identify store assignment for repository candidate interface com.chronos.message.Idao.IPublicationAttachmentRepository; If you want this repository to be a Redis repository, consider annotating your entities with one of these annotations: org.springframework.data.redis.core.RedisHash (preferred), or consider extending one of the following types with your repository: org.springframework.data.keyvalue.repository.KeyValueRepository
2026-09-07 18:03:18.063 [restartedMain] INFO  o.s.d.r.c.RepositoryConfigurationExtensionSupport - Spring Data Redis - Could not safely identify store assignment for repository candidate interface com.chronos.message.Idao.IPublicationAudienceRepository; If you want this repository to be a Redis repository, consider annotating your entities with one of these annotations: org.springframework.data.redis.core.RedisHash (preferred), or consider extending one of the following types with your repository: org.springframework.data.keyvalue.repository.KeyValueRepository
2026-09-07 18:03:18.063 [restartedMain] INFO  o.s.d.r.c.RepositoryConfigurationExtensionSupport - Spring Data Redis - Could not safely identify store assignment for repository candidate interface com.chronos.message.Idao.IPublicationDeliveryRepository; If you want this repository to be a Redis repository, consider annotating your entities with one of these annotations: org.springframework.data.redis.core.RedisHash (preferred), or consider extending one of the following types with your repository: org.springframework.data.keyvalue.repository.KeyValueRepository
2026-09-07 18:03:18.063 [restartedMain] INFO  o.s.d.r.c.RepositoryConfigurationExtensionSupport - Spring Data Redis - Could not safely identify store assignment for repository candidate interface com.chronos.message.Idao.IPublicationReadRepository; If you want this repository to be a Redis repository, consider annotating your entities with one of these annotations: org.springframework.data.redis.core.RedisHash (preferred), or consider extending one of the following types with your repository: org.springframework.data.keyvalue.repository.KeyValueRepository
2026-09-07 18:03:18.064 [restartedMain] INFO  o.s.d.r.c.RepositoryConfigurationExtensionSupport - Spring Data Redis - Could not safely identify store assignment for repository candidate interface com.chronos.message.Idao.IPublicationRecipientRepository; If you want this repository to be a Redis repository, consider annotating your entities with one of these annotations: org.springframework.data.redis.core.RedisHash (preferred), or consider extending one of the following types with your repository: org.springframework.data.keyvalue.repository.KeyValueRepository
2026-09-07 18:03:18.064 [restartedMain] INFO  o.s.d.r.c.RepositoryConfigurationExtensionSupport - Spring Data Redis - Could not safely identify store assignment for repository candidate interface com.chronos.message.Idao.IPublicationRepository; If you want this repository to be a Redis repository, consider annotating your entities with one of these annotations: org.springframework.data.redis.core.RedisHash (preferred), or consider extending one of the following types with your repository: org.springframework.data.keyvalue.repository.KeyValueRepository
2026-09-07 18:03:18.064 [restartedMain] INFO  o.s.d.r.c.RepositoryConfigurationExtensionSupport - Spring Data Redis - Could not safely identify store assignment for repository candidate interface com.chronos.message.Idao.IPublicationVersionRepository; If you want this repository to be a Redis repository, consider annotating your entities with one of these annotations: org.springframework.data.redis.core.RedisHash (preferred), or consider extending one of the following types with your repository: org.springframework.data.keyvalue.repository.KeyValueRepository
2026-09-07 18:03:18.064 [restartedMain] INFO  o.s.d.r.c.RepositoryConfigurationExtensionSupport - Spring Data Redis - Could not safely identify store assignment for repository candidate interface com.chronos.industry.dao.IndustryTemplateInstallationRepository; If you want this repository to be a Redis repository, consider annotating your entities with one of these annotations: org.springframework.data.redis.core.RedisHash (preferred), or consider extending one of the following types with your repository: org.springframework.data.keyvalue.repository.KeyValueRepository
2026-09-07 18:03:18.064 [restartedMain] INFO  o.s.d.r.config.RepositoryConfigurationDelegate - Finished Spring Data repository scanning in 9 ms. Found 0 Redis repository interfaces.
2026-09-07 18:03:18.164 [restartedMain] INFO  org.springframework.boot.tomcat.TomcatWebServer - Tomcat initialized with port 8080 (http)
2026-09-07 18:03:18.164 [restartedMain] INFO  org.apache.coyote.http11.Http11NioProtocol - Initializing ProtocolHandler ["http-nio-8080"]
2026-09-07 18:03:18.164 [restartedMain] INFO  org.apache.catalina.core.StandardService - Starting service [Tomcat]
2026-09-07 18:03:18.165 [restartedMain] INFO  org.apache.catalina.core.StandardEngine - Starting Servlet engine: [Apache Tomcat/11.0.22]
2026-09-07 18:03:18.176 [restartedMain] INFO  o.s.b.w.c.servlet.WebApplicationContextInitializer - Root WebApplicationContext: initialization completed in 360 ms
2026-09-07 18:03:18.230 [restartedMain] INFO  org.hibernate.orm.jpa - HHH008540: Processing PersistenceUnitInfo [name: default]
2026-09-07 18:03:18.252 [restartedMain] INFO  o.s.o.j.persistenceunit.SpringPersistenceUnitInfo - No LoadTimeWeaver setup: ignoring JPA class transformer
2026-09-07 18:03:18.253 [restartedMain] INFO  com.alibaba.druid.pool.DruidDataSource - {dataSource-3} inited
2026-09-07 18:03:18.276 [restartedMain] WARN  org.hibernate.orm.deprecation - HHH90000025: PostgreSQLDialect does not need to be specified explicitly using 'hibernate.dialect' (remove the property setting and it will be selected by default)
2026-09-07 18:03:18.278 [restartedMain] INFO  org.hibernate.orm.connections.pooling - HHH10001005: Database info:
	Database JDBC URL [jdbc:postgresql://localhost:5432/Chronos]
	Database driver: PostgreSQL JDBC Driver
	Database dialect: PostgreSQLDialect
	Database version: 17.10
	Default catalog/schema: Chronos/public
	Autocommit mode: undefined/unknown
	Isolation level: READ_COMMITTED [default READ_COMMITTED]
	JDBC fetch size: none
	Pool: DataSourceConnectionProvider
	Minimum pool size: undefined/unknown
	Maximum pool size: undefined/unknown
2026-09-07 18:03:18.620 [restartedMain] INFO  org.hibernate.orm.core - HHH000489: No JTA platform available (set 'hibernate.transaction.jta.platform' to enable JTA platform integration)
2026-09-07 18:03:18.664 [restartedMain] INFO  o.s.orm.jpa.LocalContainerEntityManagerFactoryBean - Initialized JPA EntityManagerFactory for persistence unit 'default'
2026-09-07 18:03:18.888 [restartedMain] INFO  o.s.s.c.a.a.c.InitializeUserDetailsBeanManagerConfigurer$InitializeUserDetailsManagerConfigurer - Global AuthenticationManager configured with UserDetailsService bean with name adminUserDetailsService
2026-09-07 18:03:19.138 [restartedMain] INFO  o.f.s.b.e.EventRegistryAutoConfiguration - No deployment resources were found for autodeployment
2026-09-07 18:03:19.200 [restartedMain] INFO  o.f.spring.boot.ProcessEngineAutoConfiguration - No deployment resources were found for autodeployment
2026-09-07 18:03:19.207 [restartedMain] INFO  o.f.c.engine.impl.async.DefaultAsyncTaskExecutor - Creating thread pool queue of size 100
2026-09-07 18:03:19.207 [restartedMain] INFO  o.f.c.engine.impl.async.DefaultAsyncTaskExecutor - Creating thread factory with naming pattern flowable-async-task-invoker-%d
2026-09-07 18:03:19.207 [restartedMain] INFO  o.f.c.engine.impl.async.DefaultAsyncTaskExecutor - Creating executor service with corePoolSize 8, maxPoolSize 8 and keepAliveTime 5000
2026-09-07 18:03:19.291 [restartedMain] INFO  o.flowable.spring.SpringProcessEngineConfiguration - Found 2 Engine Configurators in total:
2026-09-07 18:03:19.291 [restartedMain] INFO  o.flowable.spring.SpringProcessEngineConfiguration - class org.flowable.eventregistry.spring.configurator.SpringEventRegistryConfigurator (priority:100000)
2026-09-07 18:03:19.291 [restartedMain] INFO  o.flowable.spring.SpringProcessEngineConfiguration - class org.flowable.idm.engine.configurator.IdmEngineConfigurator (priority:150000)
2026-09-07 18:03:19.291 [restartedMain] INFO  o.flowable.spring.SpringProcessEngineConfiguration - Executing beforeInit() of class org.flowable.eventregistry.spring.configurator.SpringEventRegistryConfigurator (priority:100000)
2026-09-07 18:03:19.293 [restartedMain] INFO  o.flowable.spring.SpringProcessEngineConfiguration - Executing beforeInit() of class org.flowable.idm.engine.configurator.IdmEngineConfigurator (priority:150000)
2026-09-07 18:03:19.486 [restartedMain] INFO  o.flowable.spring.SpringProcessEngineConfiguration - Executing configure() of class org.flowable.eventregistry.spring.configurator.SpringEventRegistryConfigurator (priority:100000)
2026-09-07 18:03:19.486 [restartedMain] INFO  o.f.eventregistry.impl.EventRegistryEngineImpl - EventRegistryEngine default created
2026-09-07 18:03:19.486 [restartedMain] INFO  o.flowable.spring.SpringProcessEngineConfiguration - Executing configure() of class org.flowable.idm.engine.configurator.IdmEngineConfigurator (priority:150000)
2026-09-07 18:03:19.486 [restartedMain] INFO  org.flowable.idm.engine.impl.IdmEngineImpl - IdmEngine default created
2026-09-07 18:03:19.504 [restartedMain] INFO  org.flowable.engine.impl.ProcessEngineImpl - ProcessEngine default created
2026-09-07 18:03:19.507 [restartedMain] INFO  o.flowable.engine.impl.cmd.ValidateV5EntitiesCmd - Total of v5 deployments found: 0
2026-09-07 18:03:20.136 [restartedMain] INFO  o.s.s.q.SchedulerFactoryBean$LocalSchedulerFactory - Using default implementation for ThreadExecutor
2026-09-07 18:03:20.137 [restartedMain] INFO  org.quartz.core.SchedulerSignalerImpl - Initialized Scheduler Signaller of type: class org.quartz.core.SchedulerSignalerImpl
2026-09-07 18:03:20.137 [restartedMain] INFO  org.quartz.core.QuartzScheduler - Quartz Scheduler v2.5.2 created.
2026-09-07 18:03:20.137 [restartedMain] INFO  org.quartz.simpl.RAMJobStore - RAMJobStore initialized.
2026-09-07 18:03:20.137 [restartedMain] INFO  org.quartz.core.QuartzScheduler - Scheduler meta-data: Quartz Scheduler (v2.5.2) 'quartzScheduler' with instanceId 'NON_CLUSTERED'
  Scheduler class: 'org.quartz.core.QuartzScheduler' - running locally.
  NOT STARTED.
  Currently in standby mode.
  Number of jobs executed: 0
  Using thread pool 'org.quartz.simpl.SimpleThreadPool' - with 10 threads.
  Using job-store 'org.quartz.simpl.RAMJobStore' - which does not support persistence. and is not clustered.

2026-09-07 18:03:20.137 [restartedMain] INFO  o.s.s.q.SchedulerFactoryBean$LocalSchedulerFactory - Quartz scheduler 'quartzScheduler' initialized from an externally provided properties instance.
2026-09-07 18:03:20.137 [restartedMain] INFO  o.s.s.q.SchedulerFactoryBean$LocalSchedulerFactory - Quartz scheduler version: 2.5.2
2026-09-07 18:03:20.137 [restartedMain] INFO  org.quartz.core.QuartzScheduler - JobFactory set to: org.springframework.scheduling.quartz.SpringBeanJobFactory@35038518
2026-09-07 18:03:20.172 [restartedMain] INFO  o.f.j.s.impl.asyncexecutor.AbstractAsyncExecutor - Starting up the async job executor [org.flowable.spring.job.service.SpringAsyncExecutor] for engine bpmn
2026-09-07 18:03:20.177 [Thread-48] INFO  o.f.j.s.i.asyncexecutor.AcquireTimerJobsRunnable - starting to acquire async jobs due for engine bpmn
2026-09-07 18:03:20.177 [Thread-49] INFO  o.f.j.s.i.asyncexecutor.ResetExpiredJobsRunnable - starting to reset expired jobs for engine bpmn
2026-09-07 18:03:20.177 [restartedMain] INFO  org.apache.coyote.http11.Http11NioProtocol - Starting ProtocolHandler ["http-nio-8080"]
2026-09-07 18:03:20.177 [Thread-47] INFO  o.f.j.s.i.a.AcquireAsyncJobsDueRunnable - starting to acquire async jobs due for engine bpmn
2026-09-07 18:03:20.178 [restartedMain] INFO  org.springframework.boot.tomcat.TomcatWebServer - Tomcat started on port 8080 (http) with context path '/'
2026-09-07 18:03:20.179 [restartedMain] INFO  o.s.scheduling.quartz.SchedulerFactoryBean - Starting Quartz Scheduler now
2026-09-07 18:03:20.179 [restartedMain] INFO  org.quartz.core.QuartzScheduler - Scheduler quartzScheduler_$_NON_CLUSTERED started.
2026-09-07 18:03:20.182 [restartedMain] INFO  com.chronos.ChronosApplication - Started ChronosApplication in 2.399 seconds (process running for 1352.928)
2026-09-07 18:03:20.500 [restartedMain] INFO  o.s.b.d.a.ConditionEvaluationDeltaLoggingListener - Condition evaluation unchanged
2026-09-07 18:04:44.766 [RMI TCP Connection(36)-127.0.0.1] INFO  o.s.b.a.SpringApplicationAdminMXBeanRegistrar$SpringApplicationAdmin - Application shutdown requested.
2026-09-07 18:04:44.767 [RMI TCP Connection(36)-127.0.0.1] INFO  org.quartz.core.QuartzScheduler - Scheduler quartzScheduler_$_NON_CLUSTERED paused.
2026-09-07 18:04:44.767 [RMI TCP Connection(36)-127.0.0.1] INFO  org.springframework.boot.tomcat.GracefulShutdown - Commencing graceful shutdown. Waiting for active requests to complete
2026-09-07 18:04:44.767 [tomcat-shutdown] INFO  org.apache.coyote.http11.Http11NioProtocol - Pausing ProtocolHandler ["http-nio-8080"]
2026-09-07 18:04:44.771 [tomcat-shutdown] INFO  org.springframework.boot.tomcat.GracefulShutdown - Graceful shutdown complete
2026-09-07 18:04:44.771 [RMI TCP Connection(36)-127.0.0.1] INFO  org.apache.coyote.http11.Http11NioProtocol - Stopping ProtocolHandler ["http-nio-8080"]
2026-09-07 18:04:44.773 [RMI TCP Connection(36)-127.0.0.1] INFO  o.s.scheduling.quartz.SchedulerFactoryBean - Shutting down Quartz Scheduler
2026-09-07 18:04:44.773 [RMI TCP Connection(36)-127.0.0.1] INFO  org.quartz.core.QuartzScheduler - Scheduler quartzScheduler_$_NON_CLUSTERED shutting down.
2026-09-07 18:04:44.773 [RMI TCP Connection(36)-127.0.0.1] INFO  org.quartz.core.QuartzScheduler - Scheduler quartzScheduler_$_NON_CLUSTERED paused.
2026-09-07 18:04:44.773 [RMI TCP Connection(36)-127.0.0.1] INFO  org.quartz.core.QuartzScheduler - Scheduler quartzScheduler_$_NON_CLUSTERED shutdown complete.
2026-09-07 18:04:44.775 [RMI TCP Connection(36)-127.0.0.1] INFO  o.f.j.s.impl.asyncexecutor.AbstractAsyncExecutor - Shutting down the async job executor [org.flowable.spring.job.service.SpringAsyncExecutor] for engine bpmn
2026-09-07 18:04:44.775 [flowable-bpmn-acquire-async-jobs] INFO  o.f.j.s.i.a.AcquireAsyncJobsDueRunnable - stopped async job due acquisition for engine bpmn
2026-09-07 18:04:44.775 [flowable-bpmn-reset-expired-jobs] INFO  o.f.j.s.i.asyncexecutor.ResetExpiredJobsRunnable - stopped resetting expired jobs for engine bpmn
2026-09-07 18:04:44.775 [flowable-bpmn-acquire-timer-jobs] INFO  o.f.j.s.i.asyncexecutor.AcquireTimerJobsRunnable - stopped async job due acquisition for engine bpmn
2026-09-07 18:04:44.786 [RMI TCP Connection(36)-127.0.0.1] INFO  o.s.orm.jpa.LocalContainerEntityManagerFactoryBean - Closing JPA EntityManagerFactory for persistence unit 'default'
2026-09-07 18:04:44.786 [RMI TCP Connection(36)-127.0.0.1] INFO  com.alibaba.druid.pool.DruidDataSource - {dataSource-3} closed
